QueryNumber;DocVotes;DocNumber
00001;7;139
00001;6;151
00001;1;166
00001;1;311
00001;2;370
00001;1;392
00001;1;439
00001;2;440
00001;7;441
00001;1;454
00001;5;461
00001;2;502
00001;1;503
00001;1;505
00001;2;520
00001;1;522
00001;3;526
00001;2;527
00001;8;533
00001;1;593
00001;1;619
00001;1;737
00001;1;742
00001;1;789
00001;1;827
00001;1;835
00001;1;861
00001;5;875
00001;1;891
00001;2;921
00001;2;922
00001;1;1175
00001;1;1185
00001;1;1222
00002;1;169
00002;2;434
00002;1;454
00002;1;498
00002;1;499
00002;2;592
00002;3;875
00003;1;23
00003;1;40
00003;7;139
00003;1;190
00003;1;221
00003;1;246
00003;1;309
00003;2;311
00003;1;325
00003;1;345
00003;1;347
00003;1;356
00003;2;370
00003;1;374
00003;7;375
00003;1;439
00003;4;440
00003;5;454
00003;1;515
00003;1;520
00003;1;524
00003;2;526
00003;5;527
00003;1;533
00003;1;535
00003;1;560
00003;1;561
00003;1;571
00003;1;584
00003;2;604
00003;1;623
00003;8;633
00003;1;733
00003;2;742
00003;1;854
00003;6;856
00003;1;950
00003;1;967
00003;4;1144
00003;1;1161
00003;1;1172
00003;1;1175
00003;2;1196
00004;1;503
00004;1;538
00004;1;539
00004;1;540
00004;1;553
00004;8;604
00004;2;669
00004;7;711
00004;8;876
00005;6;23
00005;7;47
00005;1;50
00005;1;60
00005;2;114
00005;1;132
00005;1;135
00005;1;139
00005;8;151
00005;1;169
00005;1;189
00005;1;190
00005;1;197
00005;1;200
00005;1;226
00005;6;256
00005;1;265
00005;1;297
00005;1;298
00005;1;299
00005;1;311
00005;1;312
00005;3;325
00005;1;333
00005;2;343
00005;3;347
00005;1;349
00005;1;369
00005;5;370
00005;1;371
00005;8;374
00005;2;386
00005;1;392
00005;1;410
00005;1;420
00005;1;427
00005;1;428
00005;2;430
00005;1;434
00005;1;437
00005;8;439
00005;1;440
00005;1;441
00005;1;450
00005;5;461
00005;3;465
00005;1;478
00005;5;496
00005;6;497
00005;6;498
00005;7;499
00005;4;500
00005;1;501
00005;1;502
00005;7;503
00005;1;505
00005;3;511
00005;1;513
00005;2;516
00005;1;520
00005;2;524
00005;1;531
00005;6;533
00005;1;549
00005;2;553
00005;1;559
00005;1;561
00005;1;568
00005;1;590
00005;2;592
00005;8;593
00005;2;604
00005;1;605
00005;7;633
00005;1;669
00005;1;701
00005;1;702
00005;7;710
00005;2;711
00005;1;722
00005;2;724
00005;1;729
00005;2;731
00005;2;733
00005;1;750
00005;1;761
00005;1;763
00005;1;772
00005;1;779
00005;1;788
00005;6;805
00005;2;843
00005;1;845
00005;6;856
00005;1;857
00005;6;861
00005;1;864
00005;2;867
00005;8;875
00005;2;876
00005;2;888
00005;2;889
00005;5;895
00005;1;925
00005;1;935
00005;1;943
00005;1;944
00005;6;975
00005;5;980
00005;2;982
00005;2;990
00005;2;1000
00005;1;1019
00005;1;1038
00005;1;1040
00005;6;1064
00005;1;1076
00005;1;1080
00005;1;1088
00005;1;1091
00005;2;1092
00005;2;1093
00005;1;1098
00005;5;1144
00005;1;1156
00005;4;1175
00005;1;1185
00005;1;1188
00005;1;1196
00005;1;1223
00005;1;1226
00006;1;25
00006;8;31
00006;1;90
00006;1;195
00006;1;326
00006;2;370
00006;1;438
00006;1;440
00006;1;441
00006;5;503
00006;1;511
00006;1;586
00006;2;592
00006;1;593
00006;1;722
00006;1;731
00006;2;734
00006;1;805
00006;4;875
00006;1;922
00006;1;963
00006;2;975
00006;1;1092
00006;2;1093
00007;1;45
00007;1;53
00007;2;166
00007;1;171
00007;2;256
00007;1;370
00007;7;371
00007;1;386
00007;1;410
00007;2;439
00007;1;535
00007;6;623
00007;1;633
00007;1;634
00007;1;640
00007;1;669
00007;1;831
00007;1;853
00007;5;856
00007;1;857
00007;1;921
00007;1;1027
00007;2;1054
00007;1;1056
00007;1;1057
00007;1;1059
00007;4;1064
00007;1;1161
00008;6;23
00008;1;169
00008;1;322
00008;1;370
00008;1;386
00008;1;435
00008;2;439
00008;1;463
00008;1;496
00008;1;497
00008;1;498
00008;6;499
00008;1;503
00008;1;605
00008;6;683
00008;1;710
00008;1;750
00008;1;771
00008;1;867
00008;1;875
00008;1;944
00008;6;1125
00009;6;165
00009;1;174
00009;1;362
00009;1;370
00009;8;414
00009;1;443
00009;4;794
00009;2;992
00009;1;1040
00009;3;1115
00010;6;30
00010;2;126
00010;8;157
00010;5;170
00010;6;296
00010;1;301
00010;1;322
00010;2;370
00010;8;413
00010;4;443
00010;8;581
00010;7;676
00010;1;715
00010;1;722
00010;3;728
00010;1;758
00010;2;782
00010;1;835
00010;7;878
00010;1;941
00010;7;1115
00010;1;1215
00010;7;1218
00010;1;1234
00010;3;1239
00011;1;36
00011;1;46
00011;5;96
00011;1;186
00011;1;301
00011;3;428
00011;4;518
00011;1;649
00011;1;652
00011;1;659
00011;2;772
00011;8;796
00011;7;798
00011;1;799
00011;1;835
00011;1;837
00011;1;908
00011;8;909
00011;8;991
00011;1;1119
00011;1;1178
00011;2;1226
00012;7;70
00012;1;181
00012;5;443
00012;6;466
00012;1;755
00012;1;918
00012;1;1115
00013;6;156
00013;5;301
00013;8;314
00013;5;322
00013;1;370
00013;4;443
00013;2;462
00013;1;522
00013;1;643
00013;5;695
00013;1;715
00013;1;719
00013;1;722
00013;2;763
00013;1;764
00013;6;791
00013;1;822
00013;1;900
00013;3;902
00013;1;978
00013;1;1017
00013;1;1033
00013;1;1097
00013;2;1124
00014;2;5
00014;1;89
00014;1;92
00014;7;131
00014;1;135
00014;8;150
00014;1;156
00014;1;203
00014;1;232
00014;6;233
00014;5;234
00014;1;291
00014;1;297
00014;1;314
00014;1;319
00014;6;344
00014;5;345
00014;1;356
00014;5;367
00014;3;370
00014;1;379
00014;6;405
00014;1;413
00014;5;417
00014;2;419
00014;1;421
00014;1;424
00014;7;462
00014;4;465
00014;1;492
00014;2;584
00014;3;602
00014;5;616
00014;7;635
00014;1;662
00014;1;695
00014;2;719
00014;4;777
00014;7;791
00014;1;809
00014;8;815
00014;8;852
00014;1;889
00014;8;899
00014;2;930
00014;3;941
00014;1;1000
00014;6;1008
00014;2;1013
00014;8;1100
00014;6;1117
00014;7;1124
00014;3;1135
00014;1;1206
00014;2;1234
00015;1;17
00015;7;59
00015;1;63
00015;1;72
00015;1;91
00015;1;95
00015;1;97
00015;1;98
00015;6;99
00015;1;135
00015;3;149
00015;6;174
00015;2;197
00015;8;204
00015;7;205
00015;2;226
00015;1;232
00015;1;238
00015;8;266
00015;1;297
00015;7;301
00015;7;322
00015;7;339
00015;1;350
00015;1;354
00015;6;355
00015;5;364
00015;5;370
00015;8;385
00015;2;398
00015;1;408
00015;4;410
00015;1;413
00015;1;414
00015;1;420
00015;8;422
00015;7;423
00015;1;424
00015;1;426
00015;1;434
00015;8;443
00015;4;474
00015;6;545
00015;6;549
00015;1;550
00015;7;601
00015;2;603
00015;1;611
00015;2;642
00015;1;643
00015;1;657
00015;1;673
00015;6;690
00015;7;700
00015;8;720
00015;6;722
00015;1;724
00015;2;725
00015;1;729
00015;1;731
00015;1;735
00015;2;747
00015;7;752
00015;4;763
00015;2;764
00015;1;767
00015;1;792
00015;1;794
00015;1;816
00015;2;822
00015;1;833
00015;1;837
00015;2;844
00015;1;853
00015;3;854
00015;1;857
00015;2;863
00015;8;870
00015;1;875
00015;1;888
00015;1;889
00015;2;900
00015;3;944
00015;2;990
00015;1;993
00015;6;994
00015;3;1000
00015;2;1013
00015;2;1016
00015;1;1027
00015;1;1033
00015;2;1040
00015;1;1093
00015;2;1098
00015;2;1115
00015;3;1162
00015;8;1184
00015;1;1187
00015;8;1192
00015;1;1195
00015;2;1226
00015;1;1232
00015;1;1234
00015;6;1235
00016;1;5
00016;1;10
00016;1;17
00016;1;36
00016;2;41
00016;4;46
00016;2;69
00016;1;72
00016;8;89
00016;1;92
00016;8;95
00016;1;97
00016;1;98
00016;1;126
00016;5;129
00016;1;130
00016;1;132
00016;1;134
00016;3;135
00016;1;148
00016;1;150
00016;1;168
00016;3;181
00016;8;182
00016;7;186
00016;1;189
00016;1;197
00016;1;202
00016;1;205
00016;1;212
00016;1;225
00016;2;226
00016;2;238
00016;5;240
00016;1;255
00016;1;288
00016;1;290
00016;1;292
00016;1;297
00016;2;298
00016;8;301
00016;5;314
00016;1;320
00016;6;322
00016;1;330
00016;1;331
00016;2;333
00016;2;350
00016;1;357
00016;3;359
00016;6;364
00016;6;370
00016;6;376
00016;1;386
00016;8;396
00016;2;398
00016;1;413
00016;1;421
00016;4;424
00016;3;428
00016;1;434
00016;8;443
00016;1;462
00016;7;466
00016;6;468
00016;1;472
00016;1;473
00016;7;475
00016;2;478
00016;1;489
00016;1;490
00016;1;510
00016;1;512
00016;3;518
00016;4;522
00016;3;550
00016;1;553
00016;1;559
00016;1;581
00016;2;582
00016;1;586
00016;6;594
00016;1;615
00016;1;616
00016;4;641
00016;4;642
00016;2;643
00016;7;649
00016;1;656
00016;2;657
00016;2;658
00016;7;659
00016;2;660
00016;2;662
00016;1;673
00016;2;676
00016;1;708
00016;1;709
00016;1;711
00016;1;715
00016;2;719
00016;6;722
00016;1;723
00016;1;724
00016;1;725
00016;7;727
00016;1;729
00016;1;730
00016;2;731
00016;1;735
00016;3;755
00016;4;756
00016;1;758
00016;1;762
00016;4;763
00016;2;764
00016;1;767
00016;2;770
00016;7;772
00016;1;783
00016;2;791
00016;1;797
00016;8;799
00016;1;809
00016;1;810
00016;2;816
00016;2;822
00016;8;834
00016;1;835
00016;1;837
00016;2;844
00016;1;867
00016;1;870
00016;5;872
00016;1;875
00016;2;882
00016;2;888
00016;2;889
00016;1;893
00016;1;896
00016;5;901
00016;2;902
00016;1;919
00016;1;928
00016;1;932
00016;4;935
00016;2;937
00016;1;938
00016;1;941
00016;2;943
00016;2;944
00016;1;970
00016;1;974
00016;2;984
00016;1;990
00016;1;991
00016;6;993
00016;1;994
00016;3;1000
00016;2;1002
00016;3;1016
00016;6;1017
00016;2;1023
00016;1;1033
00016;1;1037
00016;1;1051
00016;1;1066
00016;1;1076
00016;2;1080
00016;2;1098
00016;2;1101
00016;2;1115
00016;1;1135
00016;4;1154
00016;1;1158
00016;1;1189
00016;4;1192
00016;5;1226
00016;1;1232
00016;2;1234
00017;7;49
00017;5;89
00017;1;101
00017;1;128
00017;1;132
00017;1;135
00017;2;153
00017;1;189
00017;1;233
00017;1;238
00017;1;297
00017;1;298
00017;2;301
00017;1;330
00017;1;333
00017;4;357
00017;4;359
00017;3;370
00017;3;428
00017;2;443
00017;1;450
00017;1;506
00017;2;643
00017;1;660
00017;5;662
00017;7;688
00017;1;722
00017;1;729
00017;2;730
00017;2;731
00017;2;735
00017;6;791
00017;6;810
00017;3;816
00017;1;837
00017;1;839
00017;1;845
00017;2;882
00017;2;889
00017;1;897
00017;1;937
00017;1;938
00017;2;941
00017;2;944
00017;1;1000
00017;1;1023
00017;1;1040
00017;1;1069
00017;1;1080
00017;2;1088
00017;7;1101
00017;4;1103
00017;1;1115
00017;1;1187
00017;1;1234
00018;7;129
00018;1;153
00018;5;205
00018;2;226
00018;1;364
00018;2;370
00018;2;414
00018;3;424
00018;1;443
00018;1;642
00018;2;656
00018;2;657
00018;2;658
00018;2;660
00018;3;725
00018;1;816
00018;2;935
00018;3;993
00018;1;994
00018;4;1016
00018;2;1162
00019;6;21
00019;1;49
00019;3;359
00019;2;370
00019;1;398
00019;6;432
00019;1;455
00019;8;487
00019;8;506
00019;8;618
00019;8;626
00019;7;672
00019;8;688
00019;8;693
00019;8;897
00019;1;936
00019;1;944
00019;1;1000
00019;7;1049
00019;8;1103
00019;1;1129
00019;1;1205
00020;6;126
00020;2;133
00020;2;153
00020;1;181
00020;7;207
00020;7;208
00020;7;220
00020;5;278
00020;2;283
00020;5;286
00020;5;287
00020;2;288
00020;5;290
00020;5;292
00020;2;370
00020;1;443
00020;7;538
00020;5;539
00020;8;540
00020;5;544
00020;1;604
00020;1;643
00020;4;711
00020;3;715
00020;1;731
00020;8;758
00020;1;767
00020;1;791
00020;8;823
00020;2;824
00020;2;882
00020;1;919
00020;8;924
00020;1;928
00020;1;944
00020;8;962
00020;2;970
00020;8;1066
00020;1;1080
00020;8;1115
00020;8;1168
00020;1;1189
00020;8;1213
00020;8;1215
00020;2;1234
00020;4;1239
00021;6;68
00021;2;97
00021;3;98
00021;1;181
00021;6;251
00021;1;413
00021;1;416
00021;1;434
00021;2;443
00021;1;551
00021;1;615
00021;1;676
00021;7;708
00021;8;709
00021;2;719
00021;1;722
00021;1;751
00021;1;756
00021;1;757
00021;1;932
00021;3;941
00021;2;1098
00021;6;1115
00021;7;1158
00021;1;1189
00022;8;13
00022;3;39
00022;1;67
00022;1;69
00022;1;104
00022;8;130
00022;1;189
00022;1;197
00022;1;221
00022;1;226
00022;2;237
00022;1;247
00022;7;258
00022;6;262
00022;8;276
00022;1;322
00022;1;325
00022;1;333
00022;2;342
00022;2;343
00022;1;350
00022;1;365
00022;4;370
00022;1;392
00022;5;431
00022;1;464
00022;1;465
00022;5;473
00022;5;478
00022;3;503
00022;2;510
00022;2;512
00022;2;514
00022;1;586
00022;2;590
00022;2;654
00022;3;671
00022;1;682
00022;8;692
00022;5;704
00022;1;713
00022;1;729
00022;2;731
00022;1;735
00022;6;764
00022;2;774
00022;3;788
00022;3;843
00022;2;845
00022;2;871
00022;4;880
00022;3;881
00022;2;882
00022;2;888
00022;7;898
00022;4;908
00022;1;942
00022;1;946
00022;1;968
00022;2;1000
00022;1;1033
00022;1;1040
00022;6;1083
00022;1;1093
00022;3;1114
00022;1;1144
00022;4;1156
00022;2;1166
00022;5;1194
00022;1;1195
00023;7;9
00023;7;10
00023;2;11
00023;7;12
00023;8;34
00023;8;42
00023;5;99
00023;1;162
00023;1;163
00023;1;167
00023;1;198
00023;1;248
00023;1;285
00023;2;322
00023;2;350
00023;3;370
00023;7;426
00023;6;434
00023;1;464
00023;8;509
00023;8;541
00023;2;582
00023;1;583
00023;2;598
00023;3;716
00023;1;780
00023;5;859
00023;1;883
00023;3;888
00023;8;979
00023;2;984
00023;2;1096
00023;8;1114
00023;1;1156
00023;1;1163
00024;2;32
00024;1;72
00024;1;199
00024;1;207
00024;6;210
00024;1;240
00024;5;254
00024;1;331
00024;1;370
00024;1;377
00024;1;411
00024;1;477
00024;1;492
00024;1;522
00024;2;552
00024;1;559
00024;2;611
00024;8;647
00024;1;677
00024;2;724
00024;1;763
00024;1;858
00024;8;913
00024;6;915
00024;6;926
00024;1;934
00024;1;1000
00024;3;1031
00024;8;1109
00024;5;1195
00024;1;1232
00025;6;72
00025;4;74
00025;3;83
00025;2;84
00025;4;106
00025;1;112
00025;3;120
00025;1;141
00025;2;162
00025;1;172
00025;4;198
00025;1;221
00025;1;276
00025;2;370
00025;1;390
00025;1;392
00025;5;411
00025;1;415
00025;1;425
00025;8;431
00025;2;432
00025;1;464
00025;4;465
00025;5;503
00025;1;505
00025;1;530
00025;1;550
00025;1;559
00025;1;566
00025;1;568
00025;3;569
00025;1;622
00025;7;647
00025;1;855
00025;5;858
00025;1;875
00025;2;880
00025;3;881
00025;1;891
00025;8;913
00025;1;915
00025;6;926
00025;1;949
00025;1;977
00025;1;1027
00025;1;1031
00025;1;1083
00025;2;1156
00025;5;1194
00025;5;1195
00025;1;1210
00026;2;74
00026;7;104
00026;8;199
00026;1;221
00026;8;281
00026;6;285
00026;5;328
00026;1;333
00026;4;342
00026;2;343
00026;1;370
00026;1;392
00026;8;431
00026;1;434
00026;2;442
00026;1;465
00026;1;485
00026;1;488
00026;1;490
00026;7;610
00026;8;617
00026;5;665
00026;1;713
00026;2;774
00026;6;807
00026;1;855
00026;3;881
00026;3;942
00026;8;1061
00026;8;1144
00026;6;1166
00026;5;1194
00026;1;1195
00027;4;98
00027;1;179
00027;8;599
00027;2;756
00027;1;858
00027;7;905
00027;1;912
00027;2;913
00027;1;1000
00027;1;1083
00027;2;1096
00028;1;134
00028;3;135
00028;1;136
00028;5;215
00028;1;274
00028;2;300
00028;2;322
00028;1;331
00028;1;333
00028;1;343
00028;6;351
00028;6;352
00028;5;370
00028;1;392
00028;1;398
00028;1;465
00028;1;467
00028;6;477
00028;1;510
00028;1;550
00028;1;559
00028;1;586
00028;1;611
00028;1;665
00028;4;722
00028;3;724
00028;1;729
00028;1;735
00028;5;759
00028;3;763
00028;6;822
00028;1;832
00028;1;837
00028;1;875
00028;2;882
00028;1;913
00028;1;937
00028;2;942
00028;1;944
00028;1;969
00028;2;990
00028;4;1000
00028;3;1033
00028;3;1040
00028;5;1083
00028;3;1093
00028;1;1187
00028;3;1192
00028;1;1222
00028;1;1226
00028;3;1234
00029;4;15
00029;1;100
00029;7;215
00029;8;274
00029;7;300
00029;8;322
00029;2;333
00029;1;343
00029;2;350
00029;7;351
00029;7;352
00029;6;353
00029;5;370
00029;1;385
00029;1;392
00029;1;434
00029;1;442
00029;4;477
00029;1;510
00029;1;553
00029;1;687
00029;3;714
00029;4;722
00029;3;724
00029;1;729
00029;7;759
00029;4;763
00029;1;764
00029;1;788
00029;3;822
00029;7;832
00029;1;837
00029;1;875
00029;1;937
00029;2;942
00029;4;944
00029;1;1000
00029;1;1033
00029;2;1040
00029;2;1083
00029;1;1093
00029;1;1184
00029;6;1192
00029;3;1234
00030;2;117
00030;2;328
00030;1;332
00030;7;433
00030;1;492
00030;2;557
00030;6;586
00030;1;687
00030;1;775
00030;6;880
00030;1;881
00030;7;911
00030;2;942
00030;2;1001
00030;1;1084
00030;6;1224
00030;1;1234
00031;8;43
00031;1;69
00031;5;127
00031;1;128
00031;3;136
00031;2;145
00031;2;168
00031;5;189
00031;1;213
00031;6;226
00031;8;239
00031;1;272
00031;4;330
00031;2;331
00031;8;332
00031;1;359
00031;4;370
00031;1;389
00031;8;433
00031;7;448
00031;8;467
00031;1;512
00031;1;550
00031;2;551
00031;8;557
00031;8;586
00031;2;620
00031;3;628
00031;7;651
00031;2;701
00031;2;722
00031;1;724
00031;2;729
00031;1;735
00031;8;760
00031;1;762
00031;1;764
00031;6;839
00031;8;845
00031;5;882
00031;2;937
00031;6;938
00031;2;940
00031;4;942
00031;1;944
00031;8;999
00031;2;1000
00031;7;1020
00031;7;1022
00031;6;1036
00031;4;1040
00031;8;1084
00031;2;1093
00031;2;1187
00031;4;1224
00031;1;1232
00031;8;1233
00031;3;1234
00032;1;43
00032;1;127
00032;1;128
00032;1;181
00032;8;184
00032;2;189
00032;2;212
00032;1;226
00032;2;239
00032;1;315
00032;1;330
00032;1;331
00032;1;370
00032;5;389
00032;5;433
00032;1;467
00032;1;473
00032;1;489
00032;1;506
00032;3;586
00032;6;722
00032;1;735
00032;1;764
00032;1;882
00032;1;937
00032;1;999
00032;2;1040
00032;1;1093
00032;1;1220
00032;2;1234
00033;2;37
00033;1;65
00033;8;91
00033;6;94
00033;1;96
00033;6;210
00033;3;225
00033;1;297
00033;3;359
00033;6;370
00033;7;403
00033;2;404
00033;2;413
00033;8;465
00033;1;515
00033;8;612
00033;6;637
00033;6;638
00033;1;663
00033;1;719
00033;8;721
00033;1;731
00033;2;763
00033;2;764
00033;1;773
00033;1;793
00033;1;795
00033;5;797
00033;8;811
00033;6;818
00033;1;822
00033;8;825
00033;1;846
00033;1;882
00033;3;888
00033;2;889
00033;8;916
00033;7;920
00033;6;927
00033;4;978
00033;1;981
00033;5;995
00033;8;996
00033;1;1000
00033;1;1023
00033;8;1052
00033;1;1072
00033;1;1098
00033;8;1105
00033;8;1113
00033;5;1122
00033;4;1123
00033;6;1183
00033;7;1186
00033;2;1189
00033;1;1215
00033;7;1234
00034;8;37
00034;7;65
00034;2;76
00034;1;77
00034;2;94
00034;1;135
00034;2;225
00034;1;235
00034;1;236
00034;1;247
00034;7;261
00034;1;277
00034;1;297
00034;1;359
00034;7;403
00034;8;404
00034;8;465
00034;7;471
00034;1;552
00034;1;627
00034;8;637
00034;8;638
00034;8;721
00034;6;773
00034;8;795
00034;8;817
00034;1;818
00034;1;825
00034;8;846
00034;7;916
00034;1;933
00034;1;941
00034;1;944
00034;8;995
00034;1;1000
00034;1;1023
00034;2;1052
00034;1;1186
00034;1;1234
00035;1;32
00035;1;120
00035;8;210
00035;4;811
00035;1;825
00035;1;888
00035;4;913
00035;5;915
00035;1;920
00035;1;926
00035;1;948
00035;1;1105
00035;8;1109
00035;1;1119
00036;1;66
00036;1;325
00036;2;370
00036;2;403
00036;5;612
00036;1;721
00036;6;722
00036;1;724
00036;6;1052
00037;6;3
00037;1;4
00037;5;28
00037;8;33
00037;7;35
00037;8;38
00037;2;65
00037;4;71
00037;3;76
00037;1;116
00037;1;119
00037;7;120
00037;8;131
00037;1;148
00037;1;150
00037;8;158
00037;8;175
00037;7;203
00037;1;220
00037;8;225
00037;3;231
00037;1;233
00037;8;234
00037;2;238
00037;6;247
00037;6;280
00037;1;291
00037;1;294
00037;8;318
00037;5;319
00037;4;333
00037;2;334
00037;1;342
00037;1;345
00037;3;370
00037;7;378
00037;8;379
00037;8;380
00037;1;392
00037;1;403
00037;2;428
00037;1;433
00037;1;443
00037;8;465
00037;6;470
00037;6;476
00037;8;482
00037;8;483
00037;8;491
00037;8;492
00037;1;510
00037;1;512
00037;1;514
00037;1;596
00037;8;600
00037;5;627
00037;1;671
00037;8;697
00037;1;711
00037;7;712
00037;8;717
00037;1;721
00037;2;731
00037;3;774
00037;1;776
00037;8;815
00037;7;817
00037;1;818
00037;7;831
00037;7;835
00037;8;849
00037;4;866
00037;3;871
00037;8;877
00037;1;888
00037;7;930
00037;4;933
00037;1;941
00037;5;942
00037;1;944
00037;8;946
00037;7;991
00037;8;1008
00037;3;1011
00037;8;1014
00037;8;1028
00037;1;1080
00037;8;1126
00037;7;1128
00037;1;1130
00037;6;1131
00037;8;1133
00037;3;1135
00037;7;1174
00037;8;1176
00037;7;1178
00037;7;1182
00037;6;1234
00038;7;14
00038;1;76
00038;2;117
00038;1;142
00038;1;252
00038;7;360
00038;1;370
00038;8;390
00038;1;392
00038;1;444
00038;6;465
00038;1;503
00038;1;505
00038;1;510
00038;1;572
00038;1;573
00038;1;621
00038;2;622
00038;1;627
00038;6;634
00038;5;644
00038;2;646
00038;2;666
00038;2;702
00038;1;729
00038;1;776
00038;1;786
00038;1;856
00038;1;862
00038;1;866
00038;3;873
00038;1;881
00038;2;882
00038;1;888
00038;6;971
00038;2;990
00038;1;1001
00038;2;1024
00038;1;1027
00038;1;1029
00038;1;1059
00038;1;1066
00038;7;1068
00038;1;1072
00038;1;1075
00038;7;1130
00038;7;1136
00038;6;1140
00038;2;1146
00038;2;1148
00038;2;1160
00038;1;1230
00038;4;1234
00039;1;3
00039;1;67
00039;1;74
00039;1;76
00039;6;83
00039;1;84
00039;7;85
00039;1;102
00039;1;107
00039;2;108
00039;2;112
00039;1;135
00039;1;143
00039;7;216
00039;7;217
00039;7;218
00039;7;219
00039;7;221
00039;6;222
00039;8;225
00039;1;226
00039;3;230
00039;1;233
00039;7;235
00039;7;236
00039;1;244
00039;1;248
00039;6;249
00039;3;252
00039;2;254
00039;3;263
00039;1;276
00039;7;277
00039;6;289
00039;6;293
00039;1;297
00039;1;301
00039;6;304
00039;1;306
00039;2;307
00039;2;308
00039;7;338
00039;2;342
00039;2;343
00039;3;356
00039;1;360
00039;1;365
00039;1;366
00039;1;370
00039;1;392
00039;2;404
00039;7;407
00039;4;412
00039;6;420
00039;3;433
00039;1;453
00039;2;465
00039;6;470
00039;2;488
00039;1;490
00039;2;494
00039;1;503
00039;3;505
00039;2;508
00039;2;510
00039;3;529
00039;1;530
00039;1;532
00039;2;534
00039;1;535
00039;4;553
00039;7;560
00039;2;563
00039;2;564
00039;1;565
00039;1;566
00039;2;567
00039;1;568
00039;1;569
00039;2;570
00039;2;571
00039;1;572
00039;3;573
00039;1;576
00039;6;584
00039;1;586
00039;2;608
00039;1;610
00039;6;619
00039;1;621
00039;2;622
00039;1;627
00039;7;639
00039;5;645
00039;2;646
00039;1;647
00039;1;652
00039;6;654
00039;2;702
00039;3;716
00039;1;729
00039;2;738
00039;2;739
00039;2;740
00039;1;744
00039;2;746
00039;1;749
00039;1;776
00039;2;777
00039;2;786
00039;1;845
00039;1;849
00039;6;851
00039;1;862
00039;3;869
00039;6;873
00039;2;881
00039;2;882
00039;1;888
00039;1;889
00039;1;892
00039;1;902
00039;2;918
00039;1;942
00039;1;944
00039;3;949
00039;3;966
00039;7;971
00039;2;990
00039;2;1001
00039;1;1026
00039;2;1027
00039;2;1029
00039;1;1044
00039;1;1066
00039;1;1070
00039;1;1072
00039;1;1076
00039;1;1096
00039;3;1127
00039;1;1135
00039;1;1136
00039;6;1137
00039;7;1139
00039;1;1140
00039;6;1141
00039;2;1146
00039;2;1148
00039;1;1160
00039;1;1161
00039;1;1185
00039;1;1194
00039;1;1209
00039;1;1210
00039;3;1211
00039;1;1222
00039;1;1224
00039;5;1225
00039;3;1230
00039;5;1234
00039;1;1236
00039;2;1238
00040;1;2
00040;7;3
00040;7;4
00040;1;5
00040;1;9
00040;1;10
00040;1;17
00040;7;28
00040;1;32
00040;1;35
00040;1;76
00040;6;77
00040;4;95
00040;1;103
00040;1;105
00040;1;108
00040;2;109
00040;1;112
00040;1;115
00040;6;116
00040;2;119
00040;1;120
00040;1;132
00040;1;142
00040;1;144
00040;3;150
00040;2;151
00040;1;169
00040;1;173
00040;1;189
00040;1;198
00040;1;210
00040;7;225
00040;7;231
00040;8;233
00040;1;235
00040;1;236
00040;4;240
00040;1;248
00040;1;249
00040;3;252
00040;6;254
00040;1;261
00040;1;263
00040;6;277
00040;1;279
00040;1;289
00040;1;291
00040;2;293
00040;3;294
00040;1;297
00040;1;298
00040;1;304
00040;1;308
00040;1;333
00040;1;338
00040;2;344
00040;1;345
00040;1;351
00040;1;352
00040;2;370
00040;1;392
00040;7;404
00040;7;405
00040;1;407
00040;1;413
00040;3;417
00040;3;420
00040;1;434
00040;8;465
00040;1;478
00040;5;479
00040;2;508
00040;1;510
00040;1;515
00040;1;526
00040;1;529
00040;1;532
00040;1;535
00040;1;553
00040;2;560
00040;1;571
00040;1;572
00040;2;573
00040;1;576
00040;1;583
00040;1;613
00040;1;616
00040;1;619
00040;1;645
00040;1;646
00040;1;654
00040;1;673
00040;1;677
00040;1;731
00040;1;735
00040;1;763
00040;1;780
00040;7;785
00040;7;786
00040;6;815
00040;1;849
00040;1;851
00040;1;852
00040;1;869
00040;1;882
00040;1;888
00040;4;899
00040;1;931
00040;4;941
00040;1;942
00040;1;949
00040;2;954
00040;1;956
00040;1;959
00040;1;1000
00040;7;1008
00040;1;1024
00040;1;1027
00040;1;1029
00040;2;1052
00040;2;1080
00040;6;1100
00040;2;1105
00040;1;1109
00040;6;1117
00040;5;1124
00040;1;1126
00040;3;1127
00040;1;1128
00040;1;1130
00040;2;1131
00040;1;1132
00040;2;1133
00040;6;1135
00040;5;1137
00040;5;1139
00040;4;1141
00040;1;1146
00040;1;1148
00040;2;1160
00040;1;1161
00040;1;1192
00040;5;1193
00040;4;1230
00040;8;1234
00041;1;46
00041;1;296
00041;1;301
00041;1;322
00041;1;370
00041;1;392
00041;7;603
00041;1;941
00041;2;998
00041;8;1106
00041;8;1107
00041;8;1108
00041;6;1115
00041;1;1184
00041;8;1190
00042;1;5
00042;1;46
00042;8;57
00042;7;92
00042;1;135
00042;8;209
00042;3;245
00042;1;297
00042;5;301
00042;1;314
00042;8;317
00042;1;322
00042;6;337
00042;1;339
00042;2;370
00042;7;416
00042;1;434
00042;6;443
00042;1;489
00042;7;505
00042;1;509
00042;1;550
00042;8;585
00042;1;586
00042;1;601
00042;8;695
00042;1;719
00042;2;722
00042;1;724
00042;1;731
00042;1;763
00042;1;764
00042;1;770
00042;1;822
00042;1;837
00042;1;888
00042;3;931
00042;1;944
00042;1;1000
00042;1;1033
00042;1;1040
00042;3;1085
00042;1;1093
00042;1;1187
00042;1;1192
00042;1;1232
00042;2;1234
00043;1;3
00043;1;4
00043;1;28
00043;5;54
00043;1;65
00043;7;66
00043;1;91
00043;1;94
00043;3;119
00043;6;124
00043;8;125
00043;1;135
00043;2;137
00043;8;140
00043;1;147
00043;8;172
00043;5;173
00043;1;199
00043;1;221
00043;2;261
00043;1;294
00043;1;301
00043;2;302
00043;5;303
00043;1;307
00043;1;308
00043;1;311
00043;1;324
00043;1;334
00043;1;361
00043;5;370
00043;1;386
00043;2;392
00043;1;404
00043;7;418
00043;1;430
00043;8;440
00043;8;441
00043;4;461
00043;1;471
00043;2;484
00043;1;490
00043;1;493
00043;8;504
00043;1;505
00043;2;522
00043;2;526
00043;1;527
00043;1;560
00043;1;562
00043;1;563
00043;8;568
00043;1;570
00043;1;571
00043;1;575
00043;1;636
00043;1;655
00043;1;693
00043;1;694
00043;1;707
00043;2;714
00043;1;733
00043;1;737
00043;1;741
00043;1;758
00043;1;793
00043;1;795
00043;1;817
00043;1;818
00043;1;864
00043;1;889
00043;2;891
00043;1;913
00043;1;916
00043;3;918
00043;4;921
00043;1;944
00043;3;958
00043;8;960
00043;2;966
00043;2;967
00043;2;975
00043;1;982
00043;1;997
00043;2;1000
00043;1;1080
00043;1;1093
00043;1;1094
00043;1;1121
00043;1;1156
00043;2;1167
00043;2;1172
00043;1;1184
00043;1;1185
00043;3;1199
00043;6;1200
00043;1;1209
00043;1;1216
00044;8;44
00044;1;45
00044;8;53
00044;5;67
00044;6;72
00044;8;74
00044;2;83
00044;5;84
00044;2;106
00044;1;108
00044;1;118
00044;1;121
00044;2;122
00044;8;124
00044;1;125
00044;1;135
00044;2;138
00044;1;142
00044;7;143
00044;7;154
00044;1;166
00044;7;171
00044;1;172
00044;8;190
00044;5;235
00044;6;236
00044;5;242
00044;5;243
00044;6;244
00044;2;257
00044;4;264
00044;7;269
00044;1;276
00044;1;297
00044;1;310
00044;8;312
00044;4;325
00044;5;336
00044;2;360
00044;1;370
00044;1;371
00044;1;381
00044;7;386
00044;7;390
00044;1;392
00044;5;399
00044;1;409
00044;8;411
00044;5;415
00044;2;430
00044;1;435
00044;6;436
00044;8;453
00044;1;465
00044;2;493
00044;8;495
00044;1;503
00044;8;504
00044;2;523
00044;7;528
00044;1;538
00044;8;548
00044;7;561
00044;1;563
00044;8;566
00044;8;567
00044;8;568
00044;6;569
00044;4;570
00044;4;572
00044;8;574
00044;8;575
00044;1;576
00044;1;590
00044;1;608
00044;8;621
00044;8;622
00044;8;623
00044;7;624
00044;8;625
00044;8;634
00044;8;636
00044;2;645
00044;6;647
00044;8;655
00044;5;666
00044;8;691
00044;8;702
00044;8;737
00044;8;743
00044;1;747
00044;8;750
00044;8;765
00044;8;766
00044;1;767
00044;8;786
00044;8;840
00044;3;841
00044;8;847
00044;8;850
00044;1;856
00044;6;858
00044;1;862
00044;8;873
00044;1;875
00044;8;951
00044;8;953
00044;1;961
00044;8;967
00044;6;971
00044;8;973
00044;8;1024
00044;8;1029
00044;8;1030
00044;8;1053
00044;1;1054
00044;8;1055
00044;4;1057
00044;8;1059
00044;1;1070
00044;6;1072
00044;2;1130
00044;1;1136
00044;1;1139
00044;3;1142
00044;1;1144
00044;5;1146
00044;7;1148
00044;6;1156
00044;1;1157
00044;7;1160
00044;7;1185
00044;1;1196
00044;8;1201
00044;8;1202
00044;1;1210
00044;1;1212
00044;8;1222
00044;6;1230
00044;3;1231
00045;1;278
00045;1;283
00045;1;286
00045;2;287
00045;1;288
00045;5;289
00045;3;290
00045;5;292
00045;5;293
00045;6;338
00045;5;538
00045;1;540
00045;1;715
00045;2;758
00045;7;803
00045;7;919
00045;7;924
00045;1;1050
00045;8;1159
00045;1;1168
00046;8;51
00046;8;53
00046;1;370
00046;2;410
00046;1;430
00046;1;500
00046;7;503
00046;5;516
00046;3;553
00046;1;568
00046;1;623
00046;7;702
00046;8;737
00046;4;854
00046;5;856
00046;2;857
00046;1;1196
00046;5;1212
00047;2;15
00047;1;57
00047;6;92
00047;1;118
00047;1;121
00047;1;125
00047;8;163
00047;2;165
00047;3;172
00047;1;183
00047;1;208
00047;6;209
00047;1;245
00047;1;259
00047;1;278
00047;1;279
00047;1;283
00047;1;286
00047;1;287
00047;6;295
00047;1;296
00047;4;301
00047;1;302
00047;6;317
00047;1;337
00047;1;361
00047;1;370
00047;7;406
00047;1;416
00047;1;436
00047;7;505
00047;5;508
00047;1;525
00047;6;585
00047;5;613
00047;8;684
00047;7;694
00047;5;695
00047;2;707
00047;1;781
00047;1;862
00047;1;868
00047;7;906
00047;1;928
00047;1;931
00047;1;971
00047;2;998
00047;2;1000
00047;1;1013
00047;6;1058
00047;1;1075
00047;1;1106
00047;1;1107
00047;1;1108
00047;1;1129
00047;1;1132
00047;8;1165
00047;1;1192
00047;1;1194
00047;1;1206
00048;2;44
00048;1;72
00048;1;74
00048;6;124
00048;2;143
00048;8;154
00048;1;190
00048;2;257
00048;1;312
00048;8;336
00048;1;386
00048;1;422
00048;8;436
00048;8;453
00048;2;493
00048;6;495
00048;6;523
00048;6;548
00048;1;566
00048;8;568
00048;8;576
00048;1;691
00048;1;765
00048;1;766
00048;1;786
00048;8;850
00048;2;967
00048;6;1142
00048;1;1201
00048;7;1231
00049;1;72
00049;1;84
00049;8;138
00049;8;143
00049;6;230
00049;8;313
00049;1;370
00049;2;392
00049;6;393
00049;1;430
00049;8;436
00049;1;440
00049;1;465
00049;8;493
00049;1;503
00049;7;504
00049;1;505
00049;6;523
00049;1;530
00049;1;553
00049;6;562
00049;6;563
00049;1;566
00049;6;568
00049;2;570
00049;1;586
00049;1;608
00049;8;624
00049;6;625
00049;6;691
00049;1;726
00049;6;743
00049;2;749
00049;7;953
00049;8;972
00049;8;1198
00050;1;44
00050;8;259
00050;1;309
00050;1;347
00050;8;435
00050;2;440
00050;8;495
00050;1;505
00050;1;543
00050;8;548
00050;2;568
00050;1;570
00050;1;575
00050;1;601
00050;1;634
00050;1;829
00050;8;848
00050;7;953
00050;8;961
00050;5;973
00050;1;1058
00050;5;1156
00050;8;1157
00050;5;1159
00050;1;1160
00051;1;1
00051;1;11
00051;1;14
00051;4;18
00051;4;19
00051;7;26
00051;4;44
00051;1;51
00051;1;55
00051;1;62
00051;1;63
00051;1;66
00051;5;67
00051;5;72
00051;1;83
00051;5;84
00051;8;85
00051;2;102
00051;4;107
00051;1;108
00051;7;112
00051;6;114
00051;8;122
00051;2;124
00051;1;135
00051;7;137
00051;8;141
00051;7;142
00051;1;177
00051;1;190
00051;6;191
00051;2;196
00051;1;200
00051;8;201
00051;8;214
00051;1;216
00051;1;217
00051;1;218
00051;1;219
00051;1;221
00051;1;222
00051;8;225
00051;1;230
00051;7;235
00051;6;236
00051;1;245
00051;8;249
00051;1;252
00051;5;254
00051;1;263
00051;2;264
00051;7;270
00051;1;276
00051;5;277
00051;3;279
00051;2;281
00051;1;289
00051;2;297
00051;7;302
00051;7;303
00051;7;304
00051;7;305
00051;8;306
00051;3;307
00051;5;308
00051;1;311
00051;1;322
00051;5;325
00051;3;333
00051;2;337
00051;1;343
00051;1;345
00051;1;355
00051;3;360
00051;6;365
00051;5;366
00051;5;370
00051;1;382
00051;4;383
00051;7;386
00051;2;391
00051;6;392
00051;6;400
00051;1;402
00051;7;407
00051;3;415
00051;2;417
00051;5;418
00051;5;419
00051;3;430
00051;1;435
00051;1;437
00051;1;440
00051;7;442
00051;8;444
00051;8;445
00051;7;465
00051;8;481
00051;6;484
00051;1;488
00051;8;490
00051;2;493
00051;7;494
00051;1;495
00051;6;498
00051;7;501
00051;1;502
00051;2;503
00051;8;504
00051;1;505
00051;1;510
00051;3;511
00051;2;517
00051;4;521
00051;1;526
00051;6;528
00051;6;529
00051;6;530
00051;6;531
00051;7;532
00051;6;534
00051;8;535
00051;1;548
00051;6;553
00051;8;560
00051;3;562
00051;6;563
00051;8;564
00051;8;565
00051;7;566
00051;7;568
00051;8;569
00051;7;570
00051;1;571
00051;8;572
00051;8;573
00051;8;574
00051;8;575
00051;1;576
00051;1;589
00051;2;590
00051;6;605
00051;7;608
00051;1;625
00051;1;627
00051;3;636
00051;2;639
00051;1;643
00051;8;646
00051;2;675
00051;6;681
00051;8;685
00051;1;707
00051;8;726
00051;1;733
00051;1;737
00051;8;738
00051;8;739
00051;8;740
00051;8;741
00051;8;744
00051;1;745
00051;8;746
00051;1;747
00051;8;748
00051;8;749
00051;2;779
00051;5;789
00051;1;790
00051;1;793
00051;8;827
00051;1;828
00051;6;829
00051;1;847
00051;1;852
00051;2;856
00051;1;857
00051;1;858
00051;1;861
00051;5;864
00051;2;865
00051;1;866
00051;1;868
00051;6;869
00051;1;875
00051;1;881
00051;1;889
00051;2;891
00051;7;892
00051;1;905
00051;8;918
00051;8;921
00051;2;925
00051;1;926
00051;1;933
00051;1;936
00051;8;949
00051;8;950
00051;5;954
00051;2;956
00051;8;957
00051;6;958
00051;7;966
00051;1;990
00051;1;991
00051;1;1001
00051;4;1024
00051;8;1026
00051;1;1027
00051;6;1044
00051;1;1057
00051;1;1065
00051;2;1070
00051;3;1074
00051;8;1076
00051;1;1079
00051;2;1091
00051;5;1120
00051;1;1127
00051;1;1135
00051;1;1137
00051;1;1139
00051;1;1141
00051;6;1156
00051;7;1167
00051;5;1196
00051;1;1198
00051;1;1199
00051;7;1200
00051;1;1202
00051;7;1203
00051;7;1204
00051;7;1207
00051;8;1208
00051;8;1209
00051;5;1210
00051;7;1211
00051;7;1212
00051;2;1234
00051;7;1236
00051;5;1238
00052;8;406
00052;1;505
00053;1;1
00053;2;11
00053;1;55
00053;1;81
00053;1;160
00053;1;188
00053;1;223
00053;1;228
00053;2;347
00053;1;370
00053;5;401
00053;6;432
00053;6;447
00053;1;505
00053;1;509
00053;3;577
00053;2;590
00053;2;767
00053;1;917
00053;7;987
00053;4;1170
00053;3;1228
00053;3;1229
00054;8;11
00054;1;23
00054;2;55
00054;3;187
00054;1;206
00054;8;211
00054;6;223
00054;8;228
00054;8;229
00054;2;333
00054;3;341
00054;3;347
00054;8;358
00054;6;369
00054;8;382
00054;5;394
00054;5;401
00054;7;402
00054;8;432
00054;6;485
00054;5;488
00054;2;505
00054;3;513
00054;1;547
00054;1;550
00054;2;552
00054;4;577
00054;2;590
00054;1;607
00054;1;613
00054;2;626
00054;7;631
00054;6;632
00054;3;716
00054;2;767
00054;1;771
00054;1;790
00054;1;793
00054;1;806
00054;7;812
00054;8;819
00054;2;860
00054;7;904
00054;1;905
00054;5;917
00054;2;941
00054;8;964
00054;2;990
00054;2;1003
00054;7;1005
00054;7;1007
00054;2;1013
00054;7;1048
00054;8;1060
00054;1;1099
00054;6;1134
00054;7;1163
00054;4;1164
00054;7;1169
00054;1;1171
00054;1;1192
00054;1;1237
00055;1;70
00055;2;232
00055;1;305
00055;1;347
00055;2;358
00055;4;391
00055;1;430
00055;7;432
00055;2;463
00055;2;505
00055;8;521
00055;7;530
00055;2;640
00055;1;675
00055;1;749
00055;2;779
00055;6;820
00055;4;828
00055;1;847
00055;2;890
00055;1;1056
00055;2;1070
00055;1;1156
00055;4;1205
00056;1;55
00056;2;89
00056;1;123
00056;1;135
00056;4;181
00056;2;185
00056;4;212
00056;2;288
00056;2;290
00056;2;292
00056;1;414
00056;1;424
00056;1;432
00056;1;443
00056;2;450
00056;1;758
00056;8;767
00056;1;783
00056;1;794
00056;1;919
00056;1;924
00056;1;925
00056;1;928
00056;1;970
00056;1;972
00056;1;1066
00056;3;1091
00056;1;1093
00056;1;1102
00056;1;1115
00056;1;1234
00056;1;1239
00057;7;1
00057;1;6
00057;1;8
00057;1;11
00057;1;62
00057;1;79
00057;1;80
00057;1;81
00057;2;160
00057;1;177
00057;3;178
00057;2;188
00057;1;200
00057;6;223
00057;1;228
00057;3;282
00057;5;346
00057;1;369
00057;3;370
00057;5;394
00057;1;397
00057;1;415
00057;5;432
00057;1;447
00057;1;513
00057;1;577
00057;6;588
00057;8;590
00057;1;668
00057;4;778
00057;1;784
00057;6;790
00057;2;812
00057;1;833
00057;4;860
00057;4;865
00057;2;890
00057;4;905
00057;5;983
00057;4;986
00057;5;987
00057;6;988
00057;2;989
00057;1;1086
00057;1;1090
00057;2;1091
00057;4;1095
00057;2;1170
00057;2;1171
00057;4;1173
00057;2;1203
00058;8;1
00058;8;6
00058;8;7
00058;1;43
00058;2;48
00058;5;55
00058;1;60
00058;6;62
00058;4;63
00058;7;80
00058;2;81
00058;5;82
00058;1;102
00058;1;111
00058;8;160
00058;1;164
00058;7;178
00058;4;179
00058;5;187
00058;6;188
00058;3;200
00058;7;223
00058;5;228
00058;5;229
00058;5;271
00058;2;282
00058;2;335
00058;7;346
00058;6;347
00058;1;366
00058;6;369
00058;2;370
00058;1;384
00058;1;392
00058;6;394
00058;1;397
00058;1;402
00058;2;415
00058;1;427
00058;1;429
00058;7;432
00058;7;447
00058;1;457
00058;1;463
00058;1;485
00058;4;505
00058;1;511
00058;3;513
00058;1;517
00058;1;550
00058;7;577
00058;7;588
00058;4;589
00058;8;590
00058;8;591
00058;1;609
00058;6;614
00058;5;631
00058;4;668
00058;1;748
00058;1;749
00058;5;769
00058;7;778
00058;3;784
00058;8;790
00058;1;805
00058;7;812
00058;1;820
00058;8;860
00058;7;865
00058;5;874
00058;7;890
00058;2;903
00058;6;905
00058;1;912
00058;6;917
00058;1;964
00058;8;983
00058;8;986
00058;8;987
00058;8;988
00058;8;989
00058;1;990
00058;1;1005
00058;2;1025
00058;6;1077
00058;1;1086
00058;1;1090
00058;2;1091
00058;2;1134
00058;7;1170
00058;6;1171
00058;8;1173
00058;1;1228
00058;1;1234
00059;2;1
00059;1;6
00059;1;11
00059;2;18
00059;1;45
00059;4;48
00059;8;55
00059;2;62
00059;2;63
00059;1;67
00059;1;79
00059;2;80
00059;3;81
00059;4;84
00059;5;102
00059;4;107
00059;1;110
00059;1;111
00059;2;122
00059;2;160
00059;1;164
00059;2;166
00059;1;177
00059;1;179
00059;2;187
00059;1;188
00059;4;191
00059;1;200
00059;5;214
00059;8;223
00059;5;228
00059;7;229
00059;1;245
00059;3;275
00059;5;279
00059;1;281
00059;6;284
00059;1;306
00059;1;333
00059;3;335
00059;2;346
00059;3;347
00059;5;365
00059;5;366
00059;1;369
00059;3;370
00059;1;382
00059;2;386
00059;2;392
00059;7;394
00059;6;397
00059;7;401
00059;8;402
00059;2;415
00059;1;425
00059;1;427
00059;1;430
00059;7;432
00059;1;442
00059;1;444
00059;2;447
00059;1;452
00059;1;465
00059;2;485
00059;1;504
00059;6;505
00059;6;509
00059;5;513
00059;2;521
00059;1;524
00059;2;530
00059;5;565
00059;3;572
00059;3;574
00059;8;577
00059;4;588
00059;4;590
00059;2;591
00059;1;607
00059;5;608
00059;1;609
00059;2;614
00059;2;631
00059;8;668
00059;6;670
00059;1;678
00059;1;679
00059;1;685
00059;5;689
00059;1;738
00059;1;748
00059;7;767
00059;1;769
00059;2;778
00059;7;784
00059;5;790
00059;8;812
00059;1;820
00059;2;827
00059;1;828
00059;6;833
00059;3;860
00059;7;865
00059;1;869
00059;3;874
00059;1;882
00059;4;903
00059;7;905
00059;1;912
00059;2;917
00059;6;936
00059;1;937
00059;1;964
00059;1;977
00059;3;983
00059;3;986
00059;2;987
00059;3;988
00059;8;989
00059;1;990
00059;1;1005
00059;1;1007
00059;6;1025
00059;2;1044
00059;1;1056
00059;3;1060
00059;1;1071
00059;7;1074
00059;1;1075
00059;8;1077
00059;2;1091
00059;6;1095
00059;1;1097
00059;6;1102
00059;2;1134
00059;1;1143
00059;5;1163
00059;1;1170
00059;5;1171
00059;3;1172
00059;4;1173
00059;1;1203
00059;4;1205
00059;2;1228
00059;1;1232
00060;2;17
00060;1;87
00060;8;100
00060;5;155
00060;6;241
00060;3;267
00060;4;322
00060;2;340
00060;8;348
00060;1;354
00060;1;370
00060;6;446
00060;2;519
00060;1;550
00060;5;587
00060;5;597
00060;2;653
00060;7;698
00060;1;722
00060;1;724
00060;1;751
00060;1;764
00060;3;990
00060;1;1000
00060;8;1004
00060;1;1040
00060;3;1041
00060;3;1043
00060;2;1046
00060;3;1047
00060;1;1104
00060;3;1110
00060;2;1192
00060;1;1194
00061;2;10
00061;1;56
00061;1;62
00061;1;63
00061;1;114
00061;1;132
00061;1;187
00061;8;195
00061;8;196
00061;1;197
00061;2;200
00061;1;226
00061;1;298
00061;1;347
00061;1;358
00061;4;370
00061;8;383
00061;1;427
00061;3;432
00061;1;434
00061;8;437
00061;1;439
00061;4;465
00061;3;481
00061;4;490
00061;3;498
00061;1;500
00061;8;501
00061;8;502
00061;8;505
00061;2;511
00061;1;517
00061;6;531
00061;1;532
00061;1;535
00061;1;565
00061;2;570
00061;2;590
00061;8;605
00061;1;668
00061;8;685
00061;1;726
00061;1;735
00061;1;738
00061;1;739
00061;1;741
00061;7;754
00061;1;763
00061;1;767
00061;1;827
00061;1;847
00061;1;864
00061;1;865
00061;1;875
00061;2;882
00061;1;912
00061;1;944
00061;7;969
00061;1;980
00061;2;990
00061;1;1040
00061;6;1079
00061;2;1092
00061;2;1093
00061;1;1098
00061;1;1188
00061;1;1207
00061;1;1208
00061;1;1234
00061;1;1236
00062;1;10
00062;6;17
00062;1;24
00062;1;43
00062;2;56
00062;1;60
00062;1;62
00062;3;63
00062;5;64
00062;1;69
00062;1;72
00062;1;88
00062;1;94
00062;1;110
00062;2;144
00062;8;148
00062;5;155
00062;1;160
00062;1;182
00062;5;192
00062;6;193
00062;5;194
00062;3;197
00062;2;200
00062;1;211
00062;1;224
00062;5;226
00062;1;237
00062;2;238
00062;1;244
00062;2;267
00062;2;297
00062;1;321
00062;1;322
00062;1;330
00062;3;331
00062;2;333
00062;1;340
00062;3;348
00062;1;349
00062;2;354
00062;1;358
00062;3;359
00062;7;370
00062;1;372
00062;2;382
00062;1;383
00062;1;427
00062;1;429
00062;1;434
00062;6;437
00062;7;438
00062;1;446
00062;1;458
00062;1;459
00062;1;460
00062;1;465
00062;1;472
00062;4;473
00062;1;479
00062;1;486
00062;1;505
00062;1;537
00062;1;539
00062;6;550
00062;1;551
00062;2;558
00062;1;559
00062;1;580
00062;1;586
00062;1;590
00062;6;607
00062;1;643
00062;2;663
00062;1;677
00062;3;698
00062;2;703
00062;1;704
00062;6;722
00062;3;724
00062;1;729
00062;1;731
00062;1;734
00062;1;735
00062;4;736
00062;2;761
00062;4;763
00062;2;764
00062;1;767
00062;3;768
00062;1;783
00062;1;787
00062;3;803
00062;1;804
00062;7;806
00062;1;819
00062;1;821
00062;2;822
00062;4;837
00062;7;842
00062;1;843
00062;2;844
00062;2;845
00062;1;870
00062;1;879
00062;1;880
00062;3;882
00062;1;885
00062;1;886
00062;3;888
00062;2;889
00062;3;904
00062;4;907
00062;1;912
00062;1;913
00062;1;914
00062;1;920
00062;1;937
00062;3;941
00062;1;944
00062;1;945
00062;1;964
00062;1;969
00062;3;990
00062;3;1000
00062;1;1022
00062;3;1023
00062;1;1032
00062;1;1033
00062;1;1038
00062;1;1039
00062;2;1040
00062;1;1042
00062;1;1071
00062;7;1073
00062;2;1080
00062;1;1093
00062;1;1104
00062;5;1151
00062;1;1192
00062;1;1195
00062;4;1214
00062;1;1232
00062;2;1234
00063;1;1
00063;1;23
00063;1;62
00063;1;63
00063;1;166
00063;2;322
00063;6;347
00063;1;370
00063;1;374
00063;8;429
00063;4;434
00063;1;437
00063;1;438
00063;8;463
00063;1;490
00063;6;499
00063;1;500
00063;1;501
00063;1;502
00063;1;505
00063;2;592
00063;1;669
00063;1;698
00063;1;704
00063;1;724
00063;1;763
00063;1;803
00063;2;805
00063;1;821
00063;1;922
00063;5;976
00063;1;980
00063;1;1040
00063;1;1091
00063;8;1155
00063;4;1171
00063;4;1192
00063;5;1228
00063;5;1229
00064;3;17
00064;2;20
00064;8;22
00064;1;24
00064;5;64
00064;2;144
00064;2;148
00064;1;155
00064;1;160
00064;2;197
00064;1;227
00064;1;267
00064;1;322
00064;1;331
00064;1;349
00064;1;358
00064;3;370
00064;8;372
00064;1;382
00064;1;434
00064;8;437
00064;1;472
00064;2;550
00064;1;590
00064;1;605
00064;1;606
00064;1;674
00064;1;698
00064;1;703
00064;1;722
00064;1;724
00064;1;768
00064;8;814
00064;8;842
00064;2;844
00064;1;882
00064;2;889
00064;1;907
00064;1;944
00064;2;963
00064;2;1000
00064;1;1033
00064;8;1038
00064;1;1067
00064;1;1071
00064;1;1076
00064;2;1091
00064;2;1093
00064;1;1188
00064;8;1195
00065;3;17
00065;6;20
00065;4;22
00065;7;24
00065;8;64
00065;3;87
00065;1;93
00065;1;132
00065;1;135
00065;8;144
00065;3;148
00065;7;155
00065;6;192
00065;8;194
00065;3;197
00065;5;206
00065;8;211
00065;1;224
00065;1;227
00065;1;238
00065;1;267
00065;1;297
00065;1;322
00065;2;323
00065;2;331
00065;3;341
00065;6;349
00065;1;358
00065;6;368
00065;6;370
00065;7;372
00065;1;383
00065;1;386
00065;7;387
00065;7;388
00065;8;437
00065;1;519
00065;1;539
00065;1;543
00065;1;546
00065;2;550
00065;8;578
00065;1;587
00065;2;597
00065;1;599
00065;4;606
00065;1;611
00065;1;629
00065;2;653
00065;7;674
00065;5;699
00065;4;722
00065;5;736
00065;1;763
00065;1;788
00065;1;803
00065;3;814
00065;1;819
00065;2;821
00065;1;833
00065;8;842
00065;1;882
00065;6;885
00065;6;886
00065;1;889
00065;6;904
00065;1;913
00065;1;963
00065;4;964
00065;2;990
00065;2;1000
00065;1;1006
00065;5;1007
00065;8;1038
00065;1;1042
00065;4;1045
00065;7;1046
00065;2;1048
00065;4;1067
00065;8;1073
00065;2;1092
00065;1;1093
00065;5;1099
00065;1;1149
00065;1;1150
00065;6;1151
00065;1;1153
00065;1;1164
00065;1;1188
00065;6;1195
00065;1;1214
00065;1;1232
00065;2;1234
00065;7;1237
00066;1;1
00066;1;10
00066;1;11
00066;1;13
00066;3;17
00066;2;22
00066;1;63
00066;5;100
00066;3;148
00066;1;155
00066;1;160
00066;1;166
00066;1;187
00066;3;200
00066;1;267
00066;8;322
00066;4;340
00066;7;348
00066;4;350
00066;7;370
00066;1;385
00066;1;427
00066;8;429
00066;7;434
00066;1;446
00066;5;463
00066;1;498
00066;2;558
00066;1;590
00066;1;605
00066;1;607
00066;1;630
00066;4;698
00066;2;722
00066;2;724
00066;1;731
00066;2;736
00066;3;763
00066;1;767
00066;1;771
00066;1;788
00066;3;821
00066;1;837
00066;2;882
00066;1;907
00066;1;912
00066;1;913
00066;3;944
00066;1;969
00066;1;976
00066;1;980
00066;2;990
00066;1;1004
00066;1;1098
00066;1;1104
00066;1;1109
00066;1;1134
00066;5;1155
00066;8;1192
00066;2;1194
00066;1;1195
00066;1;1214
00066;1;1226
00067;1;43
00067;1;61
00067;7;148
00067;1;354
00067;4;370
00067;5;472
00067;1;473
00067;1;519
00067;2;724
00067;1;764
00067;2;842
00067;5;910
00067;6;914
00067;2;1234
00068;1;11
00068;1;64
00068;5;90
00068;1;135
00068;6;195
00068;6;206
00068;1;297
00068;1;327
00068;1;331
00068;2;341
00068;7;349
00068;1;358
00068;1;359
00068;1;370
00068;1;437
00068;5;438
00068;8;543
00068;3;546
00068;1;550
00068;1;607
00068;1;632
00068;3;734
00068;1;819
00068;1;826
00068;1;838
00068;1;882
00068;2;889
00068;4;904
00068;1;913
00068;1;944
00068;5;964
00068;1;969
00068;1;1000
00068;8;1003
00068;1;1040
00068;2;1046
00068;2;1048
00068;2;1093
00068;5;1099
00068;1;1134
00068;1;1149
00068;1;1150
00068;3;1164
00068;1;1172
00068;1;1234
00069;8;193
00069;1;326
00069;2;327
00069;6;359
00069;7;363
00069;5;370
00069;7;438
00069;1;550
00069;8;703
00069;1;724
00069;1;837
00069;8;907
00069;3;944
00069;4;1000
00069;3;1234
00070;1;17
00070;2;327
00070;8;340
00070;5;370
00070;6;438
00070;8;698
00070;1;722
00070;8;804
00070;1;837
00070;3;944
00070;1;952
00070;4;1000
00070;8;1009
00070;8;1032
00070;8;1104
00070;1;1232
00070;4;1234
00071;1;11
00071;1;56
00071;8;148
00071;1;327
00071;1;370
00071;1;547
00072;3;58
00072;1;250
00072;6;323
00072;1;333
00072;7;682
00072;5;683
00072;8;732
00072;2;733
00072;1;837
00072;1;941
00072;1;1000
00072;1;1019
00072;1;1125
00073;8;50
00073;6;224
00073;8;227
00073;6;359
00073;4;370
00073;6;438
00073;6;629
00073;8;630
00073;1;724
00073;4;806
00073;8;843
00073;8;844
00073;1;990
00073;1;1000
00073;2;1093
00073;1;1228
00073;1;1229
00073;1;1234
00074;6;148
00074;1;370
00074;2;724
00074;7;910
00074;8;914
00074;1;1000
00074;2;1093
00075;1;100
00075;3;241
00075;2;273
00075;8;316
00075;2;348
00075;2;354
00075;4;359
00075;5;370
00075;8;446
00075;2;519
00075;2;587
00075;1;597
00075;2;751
00075;1;757
00075;1;837
00075;3;944
00075;1;1043
00075;1;1047
00075;4;1110
00075;2;1234
00075;1;1235
00076;1;329
00076;1;330
00076;2;359
00076;2;370
00076;7;437
00076;3;438
00076;8;606
00076;1;731
00076;1;882
00076;1;889
00076;4;1007
00076;1;1023
00076;1;1039
00076;2;1048
00076;1;1080
00076;1;1134
00076;7;1188
00077;2;25
00077;8;27
00077;1;31
00077;1;50
00077;6;90
00077;3;128
00077;2;135
00077;1;148
00077;1;168
00077;7;195
00077;1;197
00077;6;224
00077;1;226
00077;5;227
00077;1;267
00077;1;297
00077;1;298
00077;1;321
00077;8;323
00077;1;326
00077;6;327
00077;4;329
00077;3;330
00077;1;333
00077;6;359
00077;5;370
00077;1;428
00077;7;437
00077;7;438
00077;2;542
00077;8;546
00077;1;550
00077;1;551
00077;1;558
00077;1;586
00077;2;592
00077;8;629
00077;7;630
00077;1;663
00077;2;722
00077;1;724
00077;1;729
00077;2;731
00077;8;734
00077;2;735
00077;8;754
00077;1;806
00077;1;826
00077;1;837
00077;1;839
00077;7;843
00077;7;844
00077;2;845
00077;1;879
00077;2;882
00077;2;889
00077;1;912
00077;1;937
00077;5;939
00077;1;941
00077;2;944
00077;5;963
00077;2;990
00077;8;1006
00077;8;1012
00077;1;1023
00077;8;1034
00077;8;1035
00077;1;1040
00077;1;1080
00077;2;1092
00077;2;1093
00077;1;1134
00077;6;1138
00077;5;1149
00077;4;1150
00077;7;1152
00077;7;1153
00077;1;1188
00077;8;1220
00077;1;1232
00077;4;1234
00078;4;61
00078;1;65
00078;1;82
00078;1;90
00078;1;93
00078;1;135
00078;3;146
00078;2;152
00078;6;159
00078;1;161
00078;2;179
00078;1;184
00078;1;188
00078;1;238
00078;5;253
00078;7;255
00078;1;265
00078;2;282
00078;1;315
00078;8;320
00078;1;321
00078;1;326
00078;1;330
00078;1;333
00078;1;359
00078;3;370
00078;7;373
00078;2;427
00078;3;438
00078;1;451
00078;6;452
00078;5;459
00078;1;460
00078;1;479
00078;2;556
00078;1;648
00078;1;663
00078;8;680
00078;4;686
00078;1;696
00078;1;718
00078;1;722
00078;1;724
00078;1;731
00078;1;734
00078;1;753
00078;1;800
00078;7;802
00078;1;838
00078;1;884
00078;1;889
00078;1;912
00078;1;944
00078;1;945
00078;2;1010
00078;1;1015
00078;1;1019
00078;8;1021
00078;2;1042
00078;1;1065
00078;1;1069
00078;3;1071
00078;2;1078
00078;2;1081
00078;2;1086
00078;2;1089
00078;2;1090
00078;4;1091
00078;2;1093
00078;8;1111
00078;1;1112
00078;1;1118
00078;3;1179
00078;3;1180
00078;8;1181
00078;2;1227
00078;2;1234
00079;1;65
00079;1;75
00079;5;123
00079;1;132
00079;2;135
00079;2;146
00079;1;148
00079;1;179
00079;1;184
00079;1;255
00079;1;315
00079;6;320
00079;2;330
00079;1;333
00079;3;359
00079;1;370
00079;4;373
00079;5;384
00079;1;427
00079;5;438
00079;1;452
00079;5;648
00079;7;650
00079;1;663
00079;2;826
00079;1;829
00079;1;838
00079;1;882
00079;1;912
00079;4;923
00079;2;944
00079;5;945
00079;1;1000
00079;1;1010
00079;1;1023
00079;1;1065
00079;5;1082
00079;1;1089
00079;2;1091
00079;8;1112
00079;2;1179
00079;8;1181
00079;2;1234
00080;1;61
00080;1;135
00080;1;152
00080;2;159
00080;2;238
00080;1;330
00080;2;333
00080;1;427
00080;1;438
00080;1;451
00080;1;452
00080;1;453
00080;7;458
00080;1;459
00080;8;460
00080;1;612
00080;1;663
00080;6;696
00080;1;722
00080;6;753
00080;4;800
00080;1;884
00080;1;912
00080;3;945
00080;1;1010
00080;3;1042
00080;1;1065
00080;2;1071
00080;7;1078
00080;1;1091
00080;1;1179
00080;1;1180
00080;8;1227
00080;3;1234
00081;1;31
00081;3;90
00081;1;93
00081;1;132
00081;1;135
00081;1;195
00081;1;253
00081;8;321
00081;3;326
00081;1;359
00081;4;370
00081;5;438
00081;5;542
00081;7;546
00081;1;550
00081;1;551
00081;1;586
00081;1;592
00081;1;729
00081;1;731
00081;8;734
00081;2;941
00081;1;944
00081;2;990
00081;6;1092
00081;1;1134
00081;1;1232
00081;1;1234
00082;8;25
00082;2;31
00082;8;90
00082;8;93
00082;1;132
00082;7;135
00082;1;148
00082;2;152
00082;3;159
00082;1;189
00082;1;195
00082;1;197
00082;1;238
00082;6;253
00082;1;297
00082;8;321
00082;8;326
00082;4;327
00082;1;330
00082;1;331
00082;1;333
00082;6;359
00082;5;370
00082;1;427
00082;8;438
00082;2;458
00082;5;542
00082;3;543
00082;7;546
00082;1;550
00082;1;551
00082;1;586
00082;1;592
00082;1;722
00082;1;724
00082;1;729
00082;1;731
00082;7;734
00082;1;826
00082;1;837
00082;1;845
00082;1;879
00082;1;882
00082;1;889
00082;1;904
00082;1;912
00082;1;937
00082;2;941
00082;2;944
00082;1;952
00082;7;963
00082;1;990
00082;1;1000
00082;6;1003
00082;1;1040
00082;1;1078
00082;1;1092
00082;1;1150
00082;1;1188
00082;1;1227
00082;1;1232
00082;4;1234
00083;6;18
00083;7;166
00083;1;187
00083;1;238
00083;1;366
00083;3;370
00083;1;394
00083;1;427
00083;1;430
00083;6;432
00083;2;447
00083;1;463
00083;1;501
00083;2;505
00083;1;517
00083;1;550
00083;2;590
00083;1;609
00083;1;668
00083;2;767
00083;1;905
00083;1;912
00083;1;988
00083;1;989
00083;1;1074
00083;2;1077
00083;1;1091
00083;4;1102
00083;5;1143
00083;1;1170
00083;1;1171
00083;6;1203
00084;3;8
00084;7;160
00084;1;333
00084;1;346
00084;1;384
00084;1;555
00084;1;590
00084;1;778
00084;1;837
00084;1;912
00084;2;922
00084;1;952
00084;2;986
00084;1;1086
00084;2;1112
00084;1;1179
00085;6;29
00085;4;58
00085;1;88
00085;1;98
00085;2;179
00085;3;200
00085;5;202
00085;1;250
00085;2;370
00085;2;427
00085;1;432
00085;1;438
00085;1;469
00085;5;475
00085;1;589
00085;1;590
00085;1;724
00085;1;732
00085;1;733
00085;1;888
00085;1;912
00085;1;941
00085;1;969
00085;5;982
00085;1;983
00085;8;1018
00085;1;1019
00085;1;1022
00085;1;1036
00085;1;1065
00085;8;1118
00086;7;8
00086;2;61
00086;1;85
00086;5;110
00086;2;135
00086;6;148
00086;3;152
00086;4;160
00086;1;200
00086;2;238
00086;7;271
00086;2;330
00086;5;346
00086;3;370
00086;1;384
00086;1;427
00086;2;505
00086;8;554
00086;1;555
00086;1;577
00086;1;586
00086;6;590
00086;3;722
00086;1;731
00086;2;763
00086;3;769
00086;1;922
00086;2;944
00086;2;945
00086;1;952
00086;4;983
00086;2;990
00086;2;1000
00086;1;1015
00086;1;1033
00086;1;1071
00086;1;1077
00086;1;1086
00086;1;1090
00086;2;1091
00086;1;1112
00086;1;1118
00086;2;1173
00086;1;1181
00086;1;1227
00086;1;1232
00086;1;1234
00087;8;187
00087;2;223
00087;8;228
00087;8;229
00087;2;333
00087;8;369
00087;4;370
00087;1;382
00087;1;394
00087;2;401
00087;7;432
00087;4;438
00087;1;485
00087;2;513
00087;2;550
00087;4;590
00087;2;631
00087;1;632
00087;1;668
00087;1;722
00087;2;812
00087;2;819
00087;1;833
00087;4;860
00087;1;945
00087;1;990
00087;8;1005
00087;1;1007
00087;7;1015
00087;1;1025
00087;1;1032
00087;5;1060
00087;2;1071
00087;2;1134
00087;1;1163
00087;1;1169
00087;1;1180
00087;1;1234
00088;3;370
00088;2;443
00088;8;457
00088;4;590
00088;6;614
00088;1;668
00088;2;678
00088;2;679
00088;1;702
00088;1;945
00088;1;990
00088;5;1091
00088;1;1134
00088;1;1144
00089;4;79
00089;2;152
00089;7;176
00089;2;177
00089;1;179
00089;7;260
00089;2;265
00089;1;370
00089;8;469
00089;1;479
00089;1;590
00089;2;706
00089;1;778
00089;4;905
00089;3;912
00089;1;1065
00089;1;1086
00090;7;7
00090;1;160
00090;1;161
00090;7;176
00090;7;177
00090;6;200
00090;4;260
00090;7;265
00090;1;370
00090;7;451
00090;4;479
00090;1;505
00090;1;589
00090;8;590
00090;1;763
00090;2;778
00090;1;874
00090;8;884
00090;6;912
00090;1;987
00090;1;1065
00090;1;1071
00090;5;1086
00090;1;1089
00090;4;1090
00090;4;1091
00090;1;1234
00090;1;1238
00091;1;1
00091;2;3
00091;2;4
00091;1;8
00091;1;9
00091;2;11
00091;1;13
00091;3;15
00091;2;17
00091;1;21
00091;5;29
00091;1;30
00091;1;32
00091;1;33
00091;2;40
00091;1;41
00091;1;45
00091;2;46
00091;1;50
00091;1;56
00091;7;57
00091;6;58
00091;5;59
00091;1;60
00091;5;69
00091;1;78
00091;7;88
00091;1;92
00091;1;94
00091;8;95
00091;8;97
00091;6;98
00091;2;100
00091;4;103
00091;4;105
00091;4;109
00091;3;115
00091;4;116
00091;2;118
00091;4;119
00091;1;121
00091;1;122
00091;1;124
00091;1;128
00091;1;134
00091;1;135
00091;5;139
00091;1;147
00091;1;163
00091;1;166
00091;1;170
00091;1;173
00091;5;174
00091;1;181
00091;8;182
00091;6;183
00091;6;186
00091;1;189
00091;3;199
00091;4;202
00091;4;204
00091;1;211
00091;1;226
00091;1;237
00091;6;240
00091;3;241
00091;1;242
00091;1;243
00091;1;244
00091;1;248
00091;7;250
00091;1;256
00091;1;259
00091;1;261
00091;1;263
00091;1;264
00091;1;265
00091;7;266
00091;8;267
00091;1;268
00091;1;272
00091;1;274
00091;1;275
00091;1;276
00091;1;278
00091;1;279
00091;1;281
00091;1;283
00091;1;286
00091;1;287
00091;7;294
00091;2;297
00091;1;300
00091;1;301
00091;5;314
00091;5;317
00091;7;322
00091;1;331
00091;1;333
00091;4;339
00091;2;348
00091;2;351
00091;2;352
00091;7;353
00091;2;354
00091;1;355
00091;3;359
00091;2;361
00091;7;362
00091;6;364
00091;7;370
00091;7;376
00091;7;381
00091;6;385
00091;1;392
00091;6;395
00091;6;396
00091;2;398
00091;1;405
00091;2;412
00091;8;413
00091;1;416
00091;7;422
00091;2;423
00091;1;426
00091;1;428
00091;1;431
00091;3;434
00091;2;443
00091;1;454
00091;1;455
00091;4;466
00091;8;468
00091;1;473
00091;5;474
00091;7;475
00091;4;478
00091;1;485
00091;3;486
00091;1;489
00091;2;508
00091;2;512
00091;1;538
00091;2;545
00091;1;549
00091;6;550
00091;1;551
00091;6;552
00091;1;553
00091;2;559
00091;1;562
00091;4;579
00091;1;582
00091;1;586
00091;5;594
00091;6;598
00091;2;601
00091;5;603
00091;4;611
00091;6;615
00091;1;626
00091;4;641
00091;1;642
00091;1;643
00091;1;648
00091;1;659
00091;1;667
00091;1;673
00091;5;682
00091;5;683
00091;5;684
00091;1;688
00091;2;690
00091;1;694
00091;4;695
00091;8;700
00091;1;704
00091;2;714
00091;1;719
00091;3;720
00091;8;722
00091;2;724
00091;1;725
00091;1;727
00091;8;728
00091;1;729
00091;2;731
00091;8;732
00091;7;733
00091;1;735
00091;2;751
00091;4;752
00091;8;756
00091;7;759
00091;1;762
00091;6;763
00091;4;764
00091;1;767
00091;1;768
00091;8;770
00091;1;771
00091;3;772
00091;1;773
00091;1;779
00091;7;781
00091;1;782
00091;4;784
00091;7;787
00091;1;788
00091;2;791
00091;1;794
00091;5;796
00091;6;797
00091;2;798
00091;3;799
00091;7;801
00091;6;803
00091;7;808
00091;1;809
00091;7;822
00091;6;833
00091;1;834
00091;1;835
00091;2;836
00091;1;838
00091;2;844
00091;1;854
00091;7;859
00091;1;866
00091;1;867
00091;1;868
00091;7;870
00091;3;872
00091;1;875
00091;1;880
00091;1;882
00091;1;883
00091;3;888
00091;7;893
00091;1;894
00091;1;896
00091;1;897
00091;4;900
00091;1;906
00091;1;913
00091;1;914
00091;2;935
00091;2;941
00091;1;944
00091;1;947
00091;7;965
00091;7;974
00091;2;982
00091;6;985
00091;3;990
00091;1;992
00091;1;993
00091;8;997
00091;7;998
00091;7;1000
00091;7;1018
00091;2;1019
00091;1;1023
00091;1;1033
00091;1;1040
00091;1;1041
00091;2;1043
00091;2;1047
00091;1;1051
00091;2;1054
00091;2;1056
00091;2;1057
00091;2;1058
00091;1;1063
00091;2;1080
00091;1;1085
00091;1;1091
00091;2;1093
00091;8;1095
00091;6;1097
00091;6;1098
00091;1;1103
00091;1;1106
00091;1;1107
00091;1;1108
00091;1;1115
00091;1;1116
00091;7;1118
00091;2;1119
00091;4;1125
00091;1;1134
00091;7;1177
00091;7;1184
00091;1;1186
00091;8;1189
00091;2;1191
00091;1;1192
00091;8;1216
00091;8;1217
00091;8;1219
00091;8;1226
00091;1;1232
00091;2;1234
00091;3;1235
00092;1;17
00092;1;43
00092;1;111
00092;1;130
00092;4;135
00092;1;136
00092;2;148
00092;1;181
00092;1;185
00092;1;189
00092;1;193
00092;1;200
00092;5;213
00092;3;226
00092;4;238
00092;8;258
00092;3;333
00092;1;342
00092;4;354
00092;4;370
00092;2;377
00092;1;392
00092;1;429
00092;1;434
00092;1;446
00092;2;465
00092;8;472
00092;7;473
00092;1;479
00092;5;489
00092;1;492
00092;1;503
00092;1;510
00092;2;514
00092;2;550
00092;2;559
00092;2;586
00092;1;596
00092;5;599
00092;1;607
00092;4;611
00092;1;643
00092;1;653
00092;8;661
00092;1;671
00092;1;687
00092;1;692
00092;5;705
00092;8;722
00092;4;724
00092;1;729
00092;2;731
00092;1;735
00092;2;763
00092;2;764
00092;1;767
00092;3;778
00092;7;783
00092;1;788
00092;1;804
00092;1;806
00092;1;822
00092;1;824
00092;1;826
00092;1;837
00092;1;838
00092;1;839
00092;5;842
00092;2;845
00092;1;856
00092;2;858
00092;1;859
00092;6;879
00092;1;883
00092;1;888
00092;1;889
00092;1;908
00092;2;910
00092;4;914
00092;1;915
00092;1;926
00092;2;930
00092;3;934
00092;1;940
00092;2;941
00092;1;944
00092;1;946
00092;8;952
00092;3;990
00092;7;1000
00092;1;1014
00092;2;1023
00092;1;1031
00092;4;1033
00092;1;1040
00092;1;1066
00092;1;1071
00092;2;1093
00092;8;1147
00092;1;1151
00092;1;1186
00092;1;1188
00092;2;1192
00092;7;1195
00092;1;1226
00092;1;1227
00092;5;1232
00092;7;1234
00092;1;00093
00092;7;113
00092;8;145
00092;7;180
00092;8;272
00092;1;422
00092;2;467
00092;2;489
00092;1;550
00092;3;586
00092;1;722
00092;1;724
00092;1;873
00092;2;999
00092;2;1000
00092;2;1020
00092;1;1023
00092;2;1033
00092;1;1233
00094;2;78
00094;2;114
00094;1;122
00094;1;123
00094;1;137
00094;1;192
00094;2;209
00094;2;270
00094;2;277
00094;1;282
00094;7;309
00094;7;311
00094;1;322
00094;1;359
00094;2;370
00094;1;400
00094;1;435
00094;1;436
00094;8;440
00094;1;442
00094;8;494
00094;6;498
00094;1;504
00094;1;505
00094;1;533
00094;8;536
00094;2;571
00094;8;742
00094;8;745
00094;2;789
00094;7;955
00094;2;1016
00094;2;1091
00094;2;1092
00094;6;1121
00094;7;1143
00094;5;1156
00094;1;1158
00094;7;1197
00094;7;1199
00094;1;1200
00094;8;1204
00094;5;1223
00095;1;12
00095;6;30
00095;1;43
00095;2;192
00095;1;257
00095;1;322
00095;5;603
00095;5;606
00095;1;1097
00096;1;9
00096;2;40
00096;1;43
00096;7;75
00096;8;454
00096;8;455
00096;2;520
00096;2;526
00096;1;527
00096;8;673
00096;1;883
00096;1;1087
00097;1;52
00097;1;68
00097;1;135
00097;2;140
00097;1;190
00097;1;392
00097;2;416
00097;1;538
00097;8;539
00097;5;751
00097;8;757
00098;7;145
00098;5;180
00098;1;270
00098;5;272
00098;2;362
00098;1;467
00098;1;595
00098;2;667
00098;8;728
00098;7;782
00098;3;787
00098;4;985
00098;1;1018
00098;1;1019
00098;2;1118
00099;8;268
00099;8;324
00099;7;449
00099;5;992
00099;2;1191
00100;2;59
00100;8;183
00100;5;370
00100;8;579
00100;2;803
00100;2;833
00100;6;1000
00100;7;1017
00100;1;1033
00100;2;1097
00100;2;1232
