Query;Results
00001;[(1, '437', 0.2678046799651838), (2, '484', 0.21779795452013606), (3, '498', 0.20732850127891395), (4, '139', 0.18085909193784766), (5, '526', 0.1715010294490524), (6, '499', 0.16935418812560607), (7, '827', 0.16614851070725406), (8, '533', 0.16457195741226688), (9, '856', 0.1637294606212795), (10, '741', 0.16328432199392337), (11, '441', 0.1579822495703879), (12, '754', 0.15061043898249862), (13, '957', 0.1472441904188773), (14, '925', 0.14637630680568553), (15, '481', 0.1401329515194511), (16, '592', 0.12763626541358303), (17, '1188', 0.12526164779233911), (18, '568', 0.12431784836088687), (19, '27', 0.12080599019798152), (20, '461', 0.11797510364300892), (21, '53', 0.11797495291226355), (22, '151', 0.11731633984858733), (23, '392', 0.11648625624146951), (24, '302', 0.11238960996538953), (25, '847', 0.11103921883014141), (26, '40', 0.11087988342309421), (27, '52', 0.1094601132334571), (28, '1026', 0.10934838607363927), (29, '711', 0.10918087768467757), (30, '311', 0.10847775675973192), (31, '1180', 0.10487767011352155), (32, '975', 0.10165307894426207)]
00002;[(1, '592', 0.2585115273555455), (2, '498', 0.23289391108435684), (3, '761', 0.21621239787271151), (4, '980', 0.174390396982912), (5, '1170', 0.1697608113016809), (6, '160', 0.16884866215826574), (7, '754', 0.14274800049313988), (8, '590', 0.14061307135394038), (9, '1223', 0.12353350315248979), (10, '1', 0.12327627607651873), (11, '437', 0.12260598875942065), (12, '733', 0.11962846719290987), (13, '301', 0.11062817019070571), (14, '1211', 0.10898265570079632), (15, '925', 0.10352620543162656), (16, '1137', 0.10313554398395604)]
00003;[(1, '856', 0.339815230904228), (2, '1196', 0.23160992046261278), (3, '1206', 0.22708292677816005), (4, '77', 0.22587797703695808), (5, '635', 0.22565327826537973), (6, '2', 0.21616403999588854), (7, '500', 0.19620564039361432), (8, '959', 0.1885292260756202), (9, '1064', 0.17284272378397128), (10, '307', 0.16997641328812346), (11, '633', 0.16759488192645144), (12, '439', 0.16699008127754278), (13, '852', 0.16147999594444584), (14, '462', 0.15913214752162141), (15, '150', 0.15379629750594467), (16, '367', 0.15330354910255978), (17, '956', 0.14675669340440092), (18, '805', 0.12940587791439062), (19, '680', 0.1244369057524082), (20, '645', 0.11727874587336508), (21, '584', 0.11677074227417378), (22, '32', 0.11526447289274612), (23, '850', 0.11472838455298343), (24, '515', 0.11234576130878812)]
00004;[(1, '715', 0.39626334623976933), (2, '928', 0.2498573094531473), (3, '357', 0.24749973993658497), (4, '725', 0.20846058011319632), (5, '441', 0.20718369479968574), (6, '1197', 0.16087358084368597), (7, '867', 0.15801818581634122), (8, '497', 0.15482686356559183), (9, '568', 0.1544963515267575), (10, '311', 0.1466857934338054), (11, '160', 0.13956762163820294), (12, '374', 0.13895502342105692), (13, '761', 0.13489295367023166), (14, '820', 0.1334222551699489), (15, '604', 0.13246429956032071), (16, '991', 0.12102669777434642), (17, '856', 0.116391426298361), (18, '503', 0.11456014506939863), (19, '1030', 0.11229394914438795), (20, '375', 0.11149924039521487), (21, '876', 0.11001189676865346), (22, '711', 0.10970779023754043), (23, '402', 0.10125368010731305)]
00005;[(1, '498', 0.38033812811562406), (2, '754', 0.27392748565143615), (3, '925', 0.26852309348466225), (4, '437', 0.2502222777084648), (5, '592', 0.23414503055595245), (6, '481', 0.21855980299121514), (7, '151', 0.21521342613364128), (8, '711', 0.20028915652434945), (9, '499', 0.19073882762393887), (10, '975', 0.18647962785800792), (11, '827', 0.1824371126202013), (12, '463', 0.1697530295511079), (13, '1064', 0.1686380258208857), (14, '501', 0.16757193055209466), (15, '980', 0.16076596830027268), (16, '265', 0.1508056704354629), (17, '594', 0.15040419931244678), (18, '564', 0.13689852904536595), (19, '867', 0.12875551241874805), (20, '909', 0.1277093761282234), (21, '441', 0.12377979212509188), (22, '1110', 0.11428293727655607), (23, '266', 0.11162968447102628), (24, '1135', 0.10873917875800343), (25, '776', 0.10811286210859795)]
00006;[(1, '47', 0.3965148826670921), (2, '31', 0.34174394763571914), (3, '976', 0.27624822367324425), (4, '593', 0.26531395302541494), (5, '441', 0.2595518313791233), (6, '805', 0.21002173309131103), (7, '592', 0.15095316856092889), (8, '109', 0.13351919679429824), (9, '577', 0.1288054888955286), (10, '1164', 0.12281435562089697), (11, '497', 0.1215000513047306), (12, '533', 0.11628655498376113), (13, '27', 0.11351103010909787), (14, '496', 0.11101422069476512), (15, '844', 0.11018173950690532), (16, '546', 0.1078483689057984)]
00007;[(1, '856', 0.19800997683300947), (2, '498', 0.17467809395592265), (3, '1064', 0.15932496892139544), (4, '256', 0.15541219901682982), (5, '307', 0.15144850228746157), (6, '1196', 0.1395923228157912), (7, '754', 0.11943557151634887), (8, '500', 0.11055422474477214), (9, '437', 0.10956174537946416)]
00008;[(1, '531', 0.20143947410689358), (2, '160', 0.10216611295019008)]
00009;[(1, '414', 0.3546975313256399), (2, '870', 0.2858502517632009), (3, '1108', 0.2762917419412054), (4, '59', 0.2542893801386408), (5, '720', 0.24929452237659738), (6, '157', 0.24876432383987312), (7, '165', 0.24652244517770233), (8, '878', 0.22985357385535737), (9, '1190', 0.22653926227000665), (10, '581', 0.21722343900682728), (11, '545', 0.21252556493945163), (12, '296', 0.21196814263199182), (13, '676', 0.20433306515980063), (14, '174', 0.19335447191571656), (15, '1013', 0.18966329843940474), (16, '1184', 0.18700692396076338), (17, '204', 0.18383904000711096), (18, '794', 0.18266706730237728), (19, '1106', 0.17559550862738432), (20, '690', 0.16086652673665222), (21, '99', 0.1568595198279461), (22, '747', 0.14607023681498182), (23, '752', 0.14540848790545724), (24, '355', 0.14539857764287864), (25, '408', 0.14304453933654432), (26, '1088', 0.1423648173695576), (27, '854', 0.13512289897942598), (28, '1107', 0.1302299650954764), (29, '992', 0.12660808291412382), (30, '866', 0.12116126224408304), (31, '14', 0.12015911178256117), (32, '126', 0.11671501784192855), (33, '339', 0.1161706279539725), (34, '708', 0.11499197724610176), (35, '149', 0.11229518872212177), (36, '1162', 0.11185625508990163), (37, '63', 0.1048559594880071), (38, '1018', 0.10422464302580237), (39, '974', 0.10056391576333733)]
00010;[(1, '414', 0.5738925262267315), (2, '1108', 0.5085451395259613), (3, '157', 0.44948006328369045), (4, '878', 0.42071250404509186), (5, '676', 0.3956587079895641), (6, '794', 0.3409969556029623), (7, '296', 0.31370453972496887), (8, '165', 0.29907147475438595), (9, '581', 0.28314137127090033), (10, '1106', 0.24121950607746262), (11, '992', 0.23634786207509104), (12, '1190', 0.22350835632407723), (13, '510', 0.21904736698829413), (14, '126', 0.21787980912487714), (15, '1218', 0.19218552597119504), (16, '974', 0.1877294556990158), (17, '1239', 0.18663693284055627), (18, '963', 0.18621167319007073), (19, '438', 0.18441027314291938), (20, '468', 0.18261313447822256), (21, '985', 0.17391619017401475), (22, '1107', 0.16812045521782268), (23, '159', 0.16666292344299125), (24, '1115', 0.1636267386128025), (25, '326', 0.16041240998050008), (26, '943', 0.15434367718160094), (27, '1180', 0.1514382349015739), (28, '799', 0.13363892092745883), (29, '1234', 0.12576283000232377), (30, '90', 0.12528728443274265), (31, '708', 0.12287507001099916), (32, '914', 0.11628214504661583), (33, '1215', 0.11517758360509255), (34, '413', 0.11252416053321569), (35, '767', 0.1107983998527838), (36, '660', 0.1089896227718136), (37, '715', 0.10865500792173313), (38, '603', 0.10671219097466605), (39, '1165', 0.10188304682812122)]
00011;[(1, '96', 0.4025543628703878), (2, '799', 0.34400395037709963), (3, '649', 0.34360667791785066), (4, '991', 0.34160568275258923), (5, '659', 0.3011010470054809), (6, '835', 0.27690435994999185), (7, '908', 0.257745954115667), (8, '798', 0.2496508617332949), (9, '1064', 0.24574738050274764), (10, '483', 0.22597884618244046), (11, '834', 0.20738423657253832), (12, '1002', 0.19537298929758723), (13, '319', 0.19503928446142463), (14, '518', 0.1916388240514865), (15, '775', 0.18837239868971223), (16, '10', 0.18383788638939874), (17, '959', 0.18331831752441377), (18, '697', 0.17894129527739142), (19, '900', 0.17880829015095565), (20, '234', 0.1707045340355536), (21, '1119', 0.1694447861456553), (22, '318', 0.16249349882567277), (23, '836', 0.15993869135078742), (24, '192', 0.14590468905301554), (25, '772', 0.14416970339006055), (26, '796', 0.13703270789569957), (27, '1014', 0.1356863494703029), (28, '33', 0.13455492887324735), (29, '909', 0.133112419646775), (30, '482', 0.13254792742935953), (31, '470', 0.1299113233893267), (32, '1028', 0.12785488155119304), (33, '831', 0.12055726742309555), (34, '35', 0.12018788565004418), (35, '849', 0.1174969902738998), (36, '1176', 0.11291815089125454), (37, '186', 0.11175495026730482), (38, '333', 0.11127406009429598), (39, '1194', 0.111115963553731), (40, '396', 0.11041400585271134), (41, '1226', 0.10997135100119913), (42, '71', 0.10913277512056262), (43, '489', 0.10791847095986003), (44, '1113', 0.10398413490028463), (45, '671', 0.10242808740689535), (46, '1178', 0.10101778092407078), (47, '12', 0.10100048466210901)]
00012;[(1, '834', 0.24137068576633566), (2, '896', 0.19281165448421037), (3, '140', 0.18661049025033513), (4, '383', 0.17463514136967037), (5, '772', 0.17090435370881518), (6, '775', 0.1674779563474363), (7, '46', 0.15834180062698822), (8, '566', 0.14932318395848282), (9, '32', 0.14546090168337233), (10, '490', 0.14442239504497825), (11, '1051', 0.13640435314359245), (12, '872', 0.13531343023356848), (13, '125', 0.12285614785417816), (14, '649', 0.11749140321676124), (15, '428', 0.10827792399928604), (16, '504', 0.10757146330642098), (17, '1200', 0.1041588441251679), (18, '605', 0.10368826597086983), (19, '1237', 0.10331882505537296)]
00013;[(1, '902', 0.44541290913639764), (2, '1124', 0.3237543417404044), (3, '314', 0.23375713486588126), (4, '978', 0.2129170886674212), (5, '652', 0.2039300752460959), (6, '499', 0.12488975284381054), (7, '571', 0.12272502634895308), (8, '690', 0.11965803971405715), (9, '10', 0.11764091498650325), (10, '1205', 0.11753722632320628), (11, '770', 0.1142404036273066), (12, '1008', 0.10949997971761861), (13, '156', 0.10668415124636238), (14, '944', 0.10617430065931349), (15, '791', 0.10535315483975781), (16, '879', 0.10280267809635359), (17, '682', 0.1006499980278887)]
00014;[(1, '798', 0.260250405515471), (2, '791', 0.25437314101176184), (3, '1214', 0.19019876536224786), (4, '150', 0.16005714623227948), (5, '643', 0.15770916368538324), (6, '515', 0.142199250380481), (7, '440', 0.13599965889920046), (8, '584', 0.12867828768241643), (9, '920', 0.12162294115638289), (10, '815', 0.1065554873912541), (11, '204', 0.10336789092413688), (12, '719', 0.10091569880601543)]
00015;[(1, '601', 0.20478694166657138), (2, '822', 0.18240320816458316), (3, '398', 0.15679748661455623), (4, '443', 0.15443683950360895), (5, '837', 0.1323038894538423), (6, '359', 0.1209929353876271), (7, '1013', 0.11834228291911232), (8, '642', 0.11351425009112519), (9, '370', 0.11189916777878131), (10, '474', 0.10837466501189782), (11, '1062', 0.10667161560082589), (12, '422', 0.103310909501512)]
00016;[(1, '649', 0.25875018954125684), (2, '991', 0.24114937372518622), (3, '96', 0.22941738148838547), (4, '333', 0.21534354738870715), (5, '799', 0.19604926140766998), (6, '659', 0.19592323249178792), (7, '798', 0.17369168917427188), (8, '835', 0.1643317968762689), (9, '443', 0.15571416365773721), (10, '234', 0.14927572073906328), (11, '908', 0.14689047576284914), (12, '690', 0.1424538834220013), (13, '204', 0.14212067176436444), (14, '1064', 0.14005243947815013), (15, '483', 0.13481064554617192), (16, '1226', 0.1339648578859455), (17, '1119', 0.12539727950068688), (18, '834', 0.11818912650006072), (19, '870', 0.11561332820769735), (20, '1184', 0.1154204360004518), (21, '473', 0.11520739553346201), (22, '319', 0.11414782627389611), (23, '518', 0.11295638937988156), (24, '747', 0.11292269683371949), (25, '752', 0.11241111779393917), (26, '301', 0.11234278614629012), (27, '1002', 0.11134386744341991), (28, '1174', 0.10740671370488937), (29, '775', 0.10735420216025424), (30, '854', 0.10445962496845919), (31, '697', 0.10197937766705291), (32, '900', 0.10190357750030314)]
00017;[(1, '816', 0.2030521239672435), (2, '810', 0.19692695011344957), (3, '791', 0.16741279527489586), (4, '1107', 0.1365135599831655), (5, '603', 0.13553837453281103), (6, '89', 0.13511852757390114), (7, '150', 0.13428214314628428), (8, '424', 0.1302699450567623), (9, '888', 0.12859352386170095), (10, '1128', 0.12766968512349228), (11, '489', 0.12282387837070896), (12, '830', 0.12211760294833608), (13, '1055', 0.12204098525443588), (14, '362', 0.11962642191830916), (15, '1053', 0.10358090028236251), (16, '455', 0.10285865199659333), (17, '506', 0.10231192344686292), (18, '823', 0.1012520673171492), (19, '847', 0.10082628877629214)]
00018;[(1, '1016', 0.41260489957948426), (2, '992', 0.2149088619488317), (3, '1215', 0.14791871068426962), (4, '185', 0.13199581282048978), (5, '844', 0.1140473271708189), (6, '1107', 0.10795573321254014)]
00019;[(1, '150', 0.19814277841440067), (2, '1234', 0.19214092308692265), (3, '791', 0.1900632513358327), (4, '1128', 0.18838562996498034), (5, '770', 0.18378532009698767), (6, '1055', 0.18008008609455942), (7, '852', 0.16989298532668776), (8, '660', 0.16337488763455524), (9, '643', 0.15801935601577244), (10, '1101', 0.15761678337747553), (11, '510', 0.14922972107063756), (12, '837', 0.14605310215526188), (13, '798', 0.14243119463771578), (14, '392', 0.1412466929397832), (15, '262', 0.1375579559349485), (16, '823', 0.1375502392091988), (17, '398', 0.13687923800060486), (18, '963', 0.1365540761026368), (19, '438', 0.13523306053515996), (20, '559', 0.13247234836377358), (21, '1053', 0.12661013977027466), (22, '159', 0.12221844711148698), (23, '326', 0.11763477587103605), (24, '333', 0.11740371513733086), (25, '645', 0.11633740015109145), (26, '816', 0.11572219606649722), (27, '928', 0.11284672508260396), (28, '1180', 0.11105376961244766), (29, '733', 0.1109579157902193), (30, '197', 0.11008349442080552), (31, '64', 0.10997743690449933), (32, '635', 0.10983883505549907), (33, '359', 0.10970439930324809), (34, '205', 0.10871950984840359), (35, '914', 0.10790789168136102), (36, '616', 0.1078624950917674), (37, '648', 0.10552454626075498), (38, '301', 0.1053978840672286), (39, '1107', 0.10377023492547778), (40, '68', 0.10331479082818444), (41, '657', 0.1030364723065767), (42, '767', 0.10273197934744938), (43, '506', 0.10224780103253829), (44, '847', 0.1014741594672215)]
00020;[(1, '278', 0.41783553187830424), (2, '126', 0.36021552047391175), (3, '286', 0.315684801493145), (4, '208', 0.2500517215462646), (5, '1066', 0.24891760190572915), (6, '919', 0.2405182753158806), (7, '758', 0.22785411320619728), (8, '1215', 0.20915460670595615), (9, '810', 0.20499807602219552), (10, '283', 0.20441734861796232), (11, '1239', 0.18627598662622882), (12, '752', 0.1771852648584316), (13, '292', 0.17216012765618335), (14, '662', 0.1641607285074202), (15, '715', 0.15894313835070625), (16, '816', 0.15811984068598764), (17, '538', 0.15232248211148647), (18, '207', 0.14802540324685848), (19, '540', 0.14718085320067814), (20, '970', 0.14714171984830612), (21, '711', 0.12502925814809973), (22, '1087', 0.11910939235094022), (23, '603', 0.11784859040304663), (24, '928', 0.11538383945593797), (25, '89', 0.10842143879033694), (26, '1050', 0.10605254819448862), (27, '924', 0.1003147163596164)]
00021;[(1, '715', 0.12443059685910755), (2, '791', 0.12036224420421335), (3, '928', 0.11888009662015316), (4, '643', 0.11284399592571935)]
00022;[(1, '871', 0.5416655844485841), (2, '1144', 0.22956241758618065), (3, '671', 0.2257227583908893), (4, '104', 0.21066363953464595), (5, '365', 0.2033308781531534), (6, '874', 0.19609904321473), (7, '510', 0.19589232329925754), (8, '328', 0.18997240414295408), (9, '881', 0.18113334214219284), (10, '901', 0.1479962359117745), (11, '480', 0.13654639256209086), (12, '392', 0.1338727362326163), (13, '248', 0.1306413987600903), (14, '610', 0.13039673275893204), (15, '264', 0.12287216611624972), (16, '343', 0.11634054482609005)]
00023;[(1, '46', 0.2516272058113123), (2, '247', 0.16582207222738513), (3, '545', 0.16391359523634863), (4, '1080', 0.1464989795115117), (5, '768', 0.14027628572322473), (6, '432', 0.13462065107524637), (7, '902', 0.12790336578864922), (8, '874', 0.12212577538407611), (9, '841', 0.12068911044132694), (10, '99', 0.11903204084187258), (11, '1114', 0.11791988712585628), (12, '60', 0.11750776796185756), (13, '197', 0.10830986168400764), (14, '1018', 0.10625486103565439), (15, '9', 0.10530249981487604), (16, '490', 0.10405896120786333)]
00024;[(1, '477', 0.21749779175049133), (2, '553', 0.11250988418379088), (3, '566', 0.10488572930892633)]
00025;[(1, '237', 0.1426470010706771), (2, '921', 0.1215755547076656), (3, '464', 0.12033837246535457), (4, '153', 0.11075838387828438), (5, '1001', 0.10727935743179973), (6, '72', 0.10725490987140365), (7, '1068', 0.10719840036802895), (8, '811', 0.1004956275113333)]
00026;[(1, '104', 0.21027675401181614), (2, '1061', 0.20098299125334726), (3, '881', 0.17999484366586466), (4, '442', 0.14708738223911996), (5, '617', 0.14256621197127708), (6, '338', 0.13852311139981754), (7, '807', 0.12862891532480938), (8, '1156', 0.11858481146163495), (9, '530', 0.11327701980586373), (10, '851', 0.1085419305860445), (11, '842', 0.10499368213509293), (12, '584', 0.10440167764000398), (13, '1210', 0.10169845791520565)]
00027;[(1, '905', 0.31185671923798686), (2, '599', 0.2617378763834616), (3, '977', 0.12245529300385898), (4, '822', 0.12183095601478504), (5, '611', 0.11297395215194934), (6, '69', 0.10121843451591399)]
00028;[(1, '610', 0.21097120549895623), (2, '807', 0.20942736022383898), (3, '1166', 0.20160482252228965), (4, '477', 0.19270049887395954), (5, '871', 0.17578227916040629), (6, '352', 0.15117596650748602), (7, '594', 0.13945672217787505), (8, '398', 0.12293515034161526), (9, '351', 0.1189302193031373), (10, '514', 0.10729139491197454)]
00029;[(1, '799', 0.24729431467065877), (2, '610', 0.16224426428615177), (3, '687', 0.1465200633190829), (4, '975', 0.12074169343698657), (5, '768', 0.11829344934948362), (6, '1198', 0.11102704370945492), (7, '406', 0.10530005135038135)]
00030;[(1, '1001', 0.3656764465687897), (2, '216', 0.23740258540551304), (3, '845', 0.22955424748370035), (4, '43', 0.1814858307087458), (5, '477', 0.17568766415084403), (6, '203', 0.1495630017628996), (7, '1031', 0.14709595241560974), (8, '1224', 0.14445308726594372), (9, '162', 0.13849034825084736), (10, '760', 0.13281780227764278), (11, '557', 0.1312777337286308), (12, '247', 0.12630068329008648), (13, '1084', 0.12502034969563058), (14, '942', 0.12026684371607706), (15, '464', 0.11574393388577958), (16, '332', 0.11483310307954998), (17, '1177', 0.11342607230337694), (18, '1194', 0.10980467254249084), (19, '72', 0.10888102776567124), (20, '880', 0.10166091927834839), (21, '911', 0.10111442365326025), (22, '108', 0.10057806233799385)]
00031;[(1, '433', 0.43031651958130174), (2, '760', 0.23054952155078512), (3, '845', 0.18158104277672377), (4, '216', 0.17508669715040157), (5, '1033', 0.1446440465526432), (6, '43', 0.1376935786725276), (7, '651', 0.12754256399545108), (8, '586', 0.12172185996428923), (9, '145', 0.11806374272798346), (10, '1182', 0.11072147367800993)]
00032;[(1, '184', 0.3338384587022641), (2, '389', 0.26416804370146874), (3, '1080', 0.13041341429737752), (4, '1179', 0.12469560142610639), (5, '392', 0.1119782514868673)]
00033;[(1, '811', 0.18739588123637724), (2, '916', 0.1805615527632868), (3, '920', 0.18033031214130973), (4, '846', 0.17063662763913212), (5, '612', 0.16657172731488018), (6, '825', 0.15904562949347395), (7, '404', 0.1511597179321991), (8, '210', 0.1432174984108157), (9, '392', 0.13705872409365155), (10, '480', 0.12717012343542583), (11, '1183', 0.12359161888995579), (12, '1186', 0.12298802460245925), (13, '1234', 0.12208497399517901), (14, '802', 0.11308974985549021), (15, '818', 0.11111864633564518), (16, '707', 0.10800888638428778), (17, '471', 0.10479494748329078), (18, '1105', 0.10370330993470356), (19, '91', 0.10338134682445665), (20, '165', 0.10309403468748576), (21, '37', 0.10206735801688142)]
00034;[(1, '795', 0.2452322503573023), (2, '846', 0.22107429570313125), (3, '404', 0.21280510288220852), (4, '916', 0.1883792914294933), (5, '773', 0.16229898348374783), (6, '996', 0.15302249353428982), (7, '1074', 0.14692680499123092), (8, '471', 0.14018072207149027), (9, '929', 0.12496895003350601), (10, '707', 0.11811179506519105), (11, '210', 0.11627846115505949), (12, '978', 0.10882012568567792), (13, '337', 0.1087265541594784), (14, '818', 0.10561661569146433)]
00035;[(1, '920', 0.25391947506488377), (2, '916', 0.23883453933860335), (3, '846', 0.225706523525042), (4, '825', 0.2198436191185262), (5, '404', 0.2068198741402266), (6, '210', 0.20199538809642778), (7, '1105', 0.19636246932643936), (8, '612', 0.19189304377068564), (9, '913', 0.17024981904518358), (10, '480', 0.16821198856298744), (11, '1186', 0.16268019271301745), (12, '44', 0.16070006743957896), (13, '471', 0.15572929670306854), (14, '818', 0.15198824546430084), (15, '802', 0.14958742820551174), (16, '707', 0.1428668076303341), (17, '1183', 0.14255864102792762), (18, '864', 0.14027030071089067), (19, '65', 0.13938186748413445), (20, '1134', 0.13708160567040467), (21, '746', 0.13055338071822697), (22, '719', 0.12503013066872332), (23, '811', 0.12372963087619024), (24, '59', 0.1234605750569596), (25, '1215', 0.12343671802293484), (26, '1109', 0.12144038336034299), (27, '228', 0.12078040347955235), (28, '403', 0.1159681748194782), (29, '978', 0.11216275602178073), (30, '1237', 0.10901771295082158), (31, '91', 0.10779622951504142), (32, '51', 0.10682263511877464), (33, '793', 0.10646270543244256), (34, '1159', 0.10582440429588573), (35, '336', 0.1051350408094007), (36, '207', 0.10455173902471197), (37, '716', 0.10338969780397263), (38, '1113', 0.10319458442179733), (39, '211', 0.1029080818921597)]
00036;[(1, '612', 0.3065688155764881), (2, '766', 0.2628176258579814), (3, '978', 0.20963585015921155), (4, '1215', 0.20591662501937938), (5, '655', 0.1738764441702096), (6, '825', 0.16956032461861248), (7, '1058', 0.16953683556167978), (8, '480', 0.1689574513518935), (9, '721', 0.1648850791339995), (10, '1183', 0.15496416567474414), (11, '846', 0.1519063466405565), (12, '526', 0.1491866610549293), (13, '66', 0.14564069692489823), (14, '707', 0.14349994852455958), (15, '471', 0.13922992887809058), (16, '920', 0.13780246737873567), (17, '913', 0.13733242704990914), (18, '210', 0.1349160475344922), (19, '1186', 0.13111890871952933), (20, '337', 0.13109166932188349), (21, '94', 0.12676676569058573), (22, '1037', 0.12579344785119337), (23, '818', 0.1255518498075731), (24, '636', 0.12099769826685339), (25, '1109', 0.1115502556869025), (26, '929', 0.11073505063906139), (27, '864', 0.11040068394042887), (28, '325', 0.10808163102042002), (29, '916', 0.10752571859269287), (30, '1159', 0.10629338487351676), (31, '1105', 0.10595405723828247), (32, '1228', 0.10299881502329114), (33, '91', 0.10252329373390155)]
00037;[(1, '247', 0.2394329057295163), (2, '1174', 0.18791218848950034), (3, '1117', 0.17493977784691714), (4, '175', 0.16673618431268056), (5, '697', 0.16461606228979733), (6, '492', 0.16254791101548696), (7, '334', 0.14930720626819852), (8, '796', 0.14455116779463148), (9, '946', 0.14341710173132236), (10, '379', 0.14017758726021767), (11, '817', 0.13660256412160268), (12, '600', 0.13562634247200242), (13, '488', 0.1347989703611742), (14, '815', 0.13414000661102735), (15, '717', 0.1285695605604958), (16, '1133', 0.12820879242606448), (17, '491', 0.12698771536807382), (18, '627', 0.12649341016108243), (19, '774', 0.12463892953407284), (20, '76', 0.11692028755931962), (21, '378', 0.11540970099857896), (22, '403', 0.11406000658802477), (23, '266', 0.11117740744542857), (24, '1182', 0.11065107634356526), (25, '903', 0.10898115625022473), (26, '534', 0.1075246583055838), (27, '69', 0.10640866680039879), (28, '483', 0.10506160874850232), (29, '877', 0.10387158946588332), (30, '404', 0.10035610747789461)]
00038;[(1, '472', 0.2496713995801151), (2, '1183', 0.21087348193894268), (3, '752', 0.21030821340663364), (4, '722', 0.2058576980380441), (5, '786', 0.19929556200210446), (6, '599', 0.18365275737122175), (7, '207', 0.16783230870496998), (8, '513', 0.16483946347253398), (9, '1219', 0.15054104442051902), (10, '979', 0.14259697045217912), (11, '258', 0.13232739038235905), (12, '846', 0.13067680486144573), (13, '600', 0.1264173594514148), (14, '1216', 0.12344643056660513), (15, '99', 0.11600071803849901), (16, '510', 0.11370507965738373), (17, '350', 0.11125660470083977), (18, '684', 0.1095492690025947), (19, '704', 0.10769487735325438), (20, '377', 0.10204688667776436), (21, '421', 0.1014475491432519)]
00039;[(1, '339', 0.16503981561008396), (2, '1159', 0.1647435699393675), (3, '419', 0.15678932858653546), (4, '430', 0.15385676910389356), (5, '293', 0.14629610666819856), (6, '786', 0.14362738934131122), (7, '230', 0.12920136085705472), (8, '1236', 0.12765559675010618), (9, '574', 0.12643234225289252), (10, '639', 0.12531668974771243), (11, '356', 0.12482331508157261), (12, '610', 0.1217358915571358), (13, '59', 0.12163139527784715), (14, '479', 0.11805504143161731), (15, '3', 0.11566021254924308), (16, '1125', 0.11203581135938716), (17, '918', 0.10943561839015156), (18, '645', 0.10924226605692924), (19, '444', 0.10516462707808728), (20, '752', 0.10328854399223017)]
00040;[(1, '1234', 0.1304424734262225), (2, '846', 0.12714793300658597), (3, '1186', 0.12408488649785293), (4, '333', 0.12049700583102943), (5, '649', 0.11799160531144713), (6, '920', 0.11534277058135656), (7, '14', 0.11478196143743247), (8, '612', 0.11196668128999399), (9, '350', 0.1082090666346196), (10, '916', 0.10567628324510767), (11, '113', 0.10504291513763912), (12, '825', 0.10484560860242682), (13, '480', 0.10447282909341454), (14, '690', 0.10353631781876955), (15, '1183', 0.10258946636653161)]
00041;[(1, '414', 0.486845255091545), (2, '1108', 0.42784665483295575), (3, '157', 0.3781543201244476), (4, '1190', 0.3557888716929522), (5, '878', 0.3539517409799173), (6, '581', 0.33420844353910345), (7, '676', 0.32965952332170545), (8, '794', 0.2916641085304463), (9, '165', 0.28902327178828413), (10, '296', 0.26392433531534754), (11, '1088', 0.21557610895240084), (12, '1107', 0.2115987257811398), (13, '1106', 0.20970181454606282), (14, '992', 0.1988430019408067), (15, '126', 0.19246474049258167), (16, '866', 0.18613706486778545), (17, '14', 0.18575536866774192), (18, '974', 0.15793960730664927), (19, '1239', 0.15702045143632443), (20, '468', 0.15363516951100398), (21, '985', 0.14631829980049546), (22, '1115', 0.13766162984464062), (23, '933', 0.13226157287888282), (24, '856', 0.1255356001662395), (25, '919', 0.11966282217015821), (26, '553', 0.10929671544732138), (27, '360', 0.10405921970777748), (28, '708', 0.1033766397129973), (29, '399', 0.10290869011751984), (30, '715', 0.10054832384454913), (31, '1218', 0.1001195100020638)]
00042;[(1, '585', 0.41111749381928725), (2, '337', 0.4009861678824905), (3, '317', 0.3859505913875298), (4, '209', 0.30599062577441605), (5, '695', 0.26721499053296593), (6, '416', 0.18682168840205837), (7, '92', 0.18125633333839136), (8, '14', 0.15537977512928436), (9, '1088', 0.1390632790774072), (10, '866', 0.12007281662215016), (11, '129', 0.11933995142577926), (12, '856', 0.11409546470020134), (13, '1190', 0.10821040655644362), (14, '601', 0.1072272019285887), (15, '498', 0.10556842793983603), (16, '566', 0.10298379465002325), (17, '490', 0.10235039859767936)]
00043;[(1, '418', 0.31345946937041197), (2, '741', 0.22265341010736334), (3, '471', 0.21308274971722477), (4, '140', 0.19009837038397076), (5, '4', 0.16822280121923233), (6, '1200', 0.16757959610651244), (7, '484', 0.1670556572215996), (8, '65', 0.16570697665006803), (9, '818', 0.16543795003276504), (10, '383', 0.1615015921978554), (11, '612', 0.15372062185403473), (12, '1105', 0.15329961972047476), (13, '261', 0.14948626976884433), (14, '343', 0.13625546035222866), (15, '91', 0.13473168598313384), (16, '714', 0.13238342989719853), (17, '966', 0.12986468970453036), (18, '404', 0.12931533712503726), (19, '817', 0.1286025803247672), (20, '125', 0.12802934718643325), (21, '996', 0.1227196796563204), (22, '978', 0.11724636676472211), (23, '716', 0.11502767049580506), (24, '1026', 0.11183004628854558), (25, '490', 0.1071497906102193), (26, '324', 0.10601778886172354), (27, '570', 0.10211856042204402), (28, '94', 0.10020101688031278)]
00044;[(1, '737', 0.17919941730002695), (2, '535', 0.13325116204549445), (3, '624', 0.12852998000466115), (4, '1053', 0.12791586398518903), (5, '516', 0.1275856190292235), (6, '666', 0.12369109114202441), (7, '532', 0.12156743121856975), (8, '1068', 0.11980879966051514), (9, '1148', 0.11783242528563138), (10, '528', 0.11752801507968692), (11, '309', 0.1171636988931852), (12, '336', 0.11222299877168085), (13, '370', 0.1119320473216625), (14, '971', 0.10791097542277259), (15, '847', 0.10312746645581393)]
00045;[(1, '919', 0.3435278552581683), (2, '208', 0.23991923227433284), (3, '924', 0.2118207554158652), (4, '538', 0.21035602913070092), (5, '961', 0.18643448617477096), (6, '14', 0.1726001713860956), (7, '566', 0.1682898532680295), (8, '1088', 0.15447535422355757), (9, '1159', 0.14190971450512302), (10, '1157', 0.13965874096737627), (11, '866', 0.1333802208849277), (12, '856', 0.1267404122914029), (13, '803', 0.1241421540580671), (14, '1190', 0.12020312619104297)]
00046;[(1, '53', 0.28473233805083953), (2, '51', 0.26528518034665777), (3, '1212', 0.2087697799250764), (4, '856', 0.1542256159615773), (5, '622', 0.14654102110544867), (6, '1055', 0.13851698454392428), (7, '1221', 0.12251026080798652), (8, '755', 0.10790596572649495), (9, '847', 0.10369963262092072), (10, '171', 0.10082701656093021)]
00047;[(1, '840', 0.38161063585616123), (2, '973', 0.19062762634599129), (3, '1088', 0.138966966679135), (4, '866', 0.1308583458708008), (5, '92', 0.13023571119173677), (6, '307', 0.12110450754926431), (7, '14', 0.11974360356332538), (8, '719', 0.11631070075336358), (9, '680', 0.11411917922929311), (10, '581', 0.11331778537562345), (11, '529', 0.11026120940981506), (12, '1190', 0.10813546223007217)]
00048;[(1, '737', 0.47384546179646314), (2, '666', 0.3417906263261322), (3, '1148', 0.3396265377021481), (4, '1068', 0.3310628461376459), (5, '1053', 0.32120203687363913), (6, '971', 0.31616771289015244), (7, '336', 0.3101013070887022), (8, '528', 0.2984286839875552), (9, '847', 0.2726933083986488), (10, '624', 0.26751537517441926), (11, '53', 0.2607536553398237), (12, '691', 0.2590661241827273), (13, '840', 0.2461712960794347), (14, '154', 0.23791646638629352), (15, '411', 0.23602079463364178), (16, '1142', 0.21773423561623806), (17, '750', 0.2164726309445227), (18, '312', 0.2155477377198797), (19, '623', 0.21441242600796673), (20, '523', 0.21310213890395976), (21, '310', 0.2057055708873155), (22, '621', 0.200041856869331), (23, '143', 0.19358529608418246), (24, '1230', 0.18594753371577588), (25, '1024', 0.17915250644486272), (26, '951', 0.171141597018062), (27, '973', 0.16987368406522774), (28, '765', 0.16939901196132365), (29, '1185', 0.1615330564671552), (30, '636', 0.15865841937258054), (31, '124', 0.1523023592287567), (32, '1057', 0.14271761996562057), (33, '967', 0.13687092609129628), (34, '236', 0.13456040752230064), (35, '625', 0.13268291442769012), (36, '1030', 0.12985765190110746), (37, '567', 0.1277293804194357), (38, '561', 0.1268854700940976), (39, '138', 0.12615622475116167), (40, '390', 0.12600706915770366), (41, '1136', 0.12239181799910365), (42, '1211', 0.12071093730855478), (43, '1178', 0.11923361677171981), (44, '399', 0.11849176499373948), (45, '574', 0.11501254710502164), (46, '74', 0.11449948985165607), (47, '575', 0.11270502765248394), (48, '647', 0.1016935663118999), (49, '243', 0.10106525176237277), (50, '548', 0.10075829747052442)]
00049;[(1, '143', 0.3196079874595167), (2, '138', 0.284851960425295), (3, '313', 0.18273740830806673), (4, '504', 0.1732361557877183), (5, '436', 0.14194883351007867), (6, '1088', 0.13681040135518124), (7, '553', 0.13238711160995195), (8, '866', 0.11812759157490825), (9, '14', 0.11788535689232925), (10, '568', 0.116395310075015), (11, '523', 0.11065302505896492), (12, '1190', 0.10645735703926426)]
00050;[(1, '259', 0.3500419741224799), (2, '848', 0.3107970811787996), (3, '495', 0.2836198338742777), (4, '548', 0.2118291020364573), (5, '1029', 0.17053098180000226), (6, '1230', 0.13558811507151178), (7, '197', 0.10923637895209973), (8, '208', 0.10541921097527766), (9, '1088', 0.10084539765465467), (10, '435', 0.10047196609287279)]
00051;[(1, '444', 0.1239045368211131)]
00052;[(1, '406', 0.6069410238120185), (2, '293', 0.1185989332900157)]
00053;[(1, '912', 0.2559137788632378), (2, '609', 0.24345353158494562), (3, '1170', 0.21684759342663193), (4, '111', 0.19735361494691436), (5, '271', 0.19247436799331058), (6, '61', 0.1785525969325243), (7, '778', 0.17812312197848634), (8, '1102', 0.15130611279495315), (9, '555', 0.14058268651635605), (10, '29', 0.13609916407221082), (11, '1051', 0.13519194679328014), (12, '1173', 0.13156636245417672), (13, '1005', 0.12149871918603451), (14, '592', 0.12032576958255127), (15, '401', 0.1201884428509206), (16, '8', 0.11983967077466719), (17, '922', 0.11790408310147169), (18, '188', 0.11445594651963693), (19, '62', 0.10858743470931716), (20, '270', 0.10509675890627143)]
00054;[(1, '1169', 0.26096586523907556), (2, '1049', 0.22148160539144468), (3, '793', 0.21350067451189725), (4, '432', 0.18957122500400297), (5, '812', 0.17988297809428938), (6, '488', 0.16976594896416572), (7, '402', 0.16409192888896032), (8, '672', 0.15077116595943857), (9, '11', 0.14935231316936634), (10, '1048', 0.14504643699913203), (11, '273', 0.14025531609980318), (12, '819', 0.14010830612898723), (13, '485', 0.13348195776964852), (14, '229', 0.1252654793198533), (15, '1060', 0.12126452430166886), (16, '631', 0.11310556468135761), (17, '324', 0.1122762574277851), (18, '1163', 0.11157998234050222), (19, '1013', 0.11120009271902508), (20, '1212', 0.1048560440239265)]
00055;[(1, '373', 0.2231976139204384), (2, '862', 0.18135767527240446), (3, '951', 0.1734676332136868), (4, '1013', 0.12740440250678073), (5, '609', 0.10758962033691488), (6, '890', 0.10683791559277893)]
00056;[(1, '1102', 0.2627203680119825), (2, '609', 0.18009523210882558), (3, '89', 0.1636175303787002), (4, '111', 0.14599272748269368), (5, '1170', 0.14017908977638438), (6, '1143', 0.12096645636837368), (7, '1051', 0.10000851036529121)]
00057;[(1, '81', 0.36931689162344933), (2, '987', 0.3076818994782752), (3, '178', 0.28425893131548396), (4, '80', 0.22986679010299357), (5, '778', 0.21271754325776088), (6, '989', 0.2024049915224792), (7, '912', 0.19540427212245381), (8, '469', 0.18176659617322527), (9, '986', 0.15524113733164036), (10, '588', 0.15408346542957307), (11, '447', 0.14690193455564327), (12, '282', 0.14333411255990972), (13, '1091', 0.13109814968269523), (14, '590', 0.12784049299105216), (15, '460', 0.12572774659747682), (16, '790', 0.12393329896002955), (17, '905', 0.12327628235275612), (18, '800', 0.12258801828364312), (19, '48', 0.12246395039470671), (20, '55', 0.11968097876513589), (21, '369', 0.1190022984294111), (22, '159', 0.11726243848111), (23, '890', 0.11623626707868151), (24, '1065', 0.11371963205092599), (25, '589', 0.11339990796515576), (26, '1', 0.11207848428297325), (27, '62', 0.10594006447039579), (28, '6', 0.10443082831145876), (29, '884', 0.10439455676820218), (30, '753', 0.1003600792796353)]
00058;[(1, '16', 0.18140085666675088), (2, '521', 0.17809825854704006), (3, '111', 0.15815383375101275), (4, '505', 0.14418183142274205), (5, '400', 0.13883215777085783), (6, '874', 0.13530257633234347), (7, '904', 0.1319503002221818), (8, '1170', 0.12895174145409882), (9, '160', 0.12691776789801196), (10, '427', 0.12233872707629079), (11, '62', 0.11621005867193125), (12, '800', 0.1088346914451914), (13, '917', 0.10668698140692356), (14, '57', 0.10483356125020787), (15, '590', 0.10465714741064785), (16, '1157', 0.10013631297624617)]
00059;[(1, '16', 0.2197115519033773), (2, '521', 0.19220302145795676), (3, '566', 0.12577129304865486), (4, '505', 0.10731362490011975), (5, '400', 0.1059127384200136)]
00060;[(1, '1004', 0.1513581927113505), (2, '348', 0.12809939403403356), (3, '660', 0.10155840635589312)]
00061;[(1, '502', 0.4563102743019271), (2, '196', 0.40702046799752917), (3, '969', 0.32735373104511284), (4, '383', 0.2738127214571195), (5, '605', 0.26321077384991426), (6, '761', 0.254931060097323), (7, '754', 0.2465793617458289), (8, '501', 0.24250313878179247), (9, '570', 0.23913160412570772), (10, '511', 0.23249097022929613), (11, '125', 0.19792935669424483), (12, '741', 0.1884878828307398), (13, '140', 0.18504106970812878), (14, '680', 0.1682602496142512), (15, '437', 0.1656277334810403), (16, '160', 0.16026659454003644), (17, '1170', 0.15898029844177763), (18, '490', 0.1448366583232302), (19, '590', 0.14169450468761446), (20, '370', 0.13556250988105792), (21, '1181', 0.1321380747798486), (22, '685', 0.13066667942051938), (23, '1', 0.12422437480529754), (24, '686', 0.11908278899208005), (25, '912', 0.11485935912672131), (26, '555', 0.10633136044792452), (27, '1200', 0.1049210267031215), (28, '980', 0.1027292665364905), (29, '1079', 0.10152158238864242), (30, '271', 0.10066959762591365)]
00062;[(1, '690', 0.18580147508856854), (2, '10', 0.1826693433010785), (3, '944', 0.18257097569422231), (4, '682', 0.1674150817042261), (5, '879', 0.15962896667037607), (6, '920', 0.15865464216823474), (7, '1186', 0.1536801738161652), (8, '1158', 0.1346830968944896), (9, '208', 0.13134328375116244), (10, '491', 0.12878607575444923), (11, '479', 0.12787688928824203), (12, '301', 0.12381543641088942), (13, '919', 0.1158025702586904), (14, '719', 0.11536871561944627), (15, '1122', 0.1080952716624751), (16, '776', 0.10527751520381227), (17, '647', 0.10300020555567319), (18, '1004', 0.10209230575733444)]
00063;[(1, '988', 0.1529095259870473), (2, '963', 0.1523926404543758), (3, '1171', 0.14278091834232945), (4, '571', 0.12231441410098742)]
00064;[(1, '1037', 0.19663359108257555), (2, '1112', 0.17039609840066577), (3, '1038', 0.13449414439745364), (4, '326', 0.12661650435691552), (5, '64', 0.11553710362910584), (6, '27', 0.10950565682593388), (7, '1151', 0.10501160505915158)]
00065;[(1, '1151', 0.3004584403150827), (2, '64', 0.28227533094134843), (3, '566', 0.25926347536227917), (4, '490', 0.20445285344106848), (5, '446', 0.17635943209327865), (6, '546', 0.17331175095054469), (7, '1047', 0.17001964201978093), (8, '372', 0.16214933651850003), (9, '117', 0.1523998128242757), (10, '814', 0.15108768270461473), (11, '473', 0.14319320283916293), (12, '189', 0.1417365543732575), (13, '352', 0.13612929388613712), (14, '504', 0.13507165167144672), (15, '1110', 0.12649366653810434), (16, '605', 0.12092802744904774), (17, '1192', 0.1200151883999991), (18, '1071', 0.11689740113258201), (19, '791', 0.11670043886208566), (20, '611', 0.11534572136376997), (21, '543', 0.11018601906860638), (22, '323', 0.10996160021113281), (23, '155', 0.1084127168166545), (24, '948', 0.10644805073317963), (25, '1214', 0.10584842337026644), (26, '1234', 0.10536364622695191), (27, '16', 0.10361968000065384), (28, '364', 0.10244991893107451), (29, '27', 0.10189193197720137)]
00066;[(1, '690', 0.2198215620712217), (2, '1192', 0.18648714696353383), (3, '763', 0.17927221052804934), (4, '10', 0.14071406635108794), (5, '353', 0.1254537372055695), (6, '156', 0.12390725758627251), (7, '879', 0.12296557595101558), (8, '549', 0.11055971874592473), (9, '682', 0.10933945280216434), (10, '352', 0.105763128706576), (11, '920', 0.10477713980353184), (12, '1158', 0.10374924379918829)]
00067;[(1, '804', 0.1870431840357623), (2, '148', 0.15059799607804544), (3, '354', 0.13577645105784028), (4, '778', 0.13002069473554395), (5, '160', 0.12427993316416196), (6, '761', 0.12011730994392723), (7, '782', 0.11919148818360617), (8, '473', 0.11489346520704902), (9, '806', 0.11320293495153706), (10, '154', 0.10797907799987912), (11, '842', 0.10607152567637654)]
00068;[(1, '21', 0.19964158206377922), (2, '628', 0.12923599715448836), (3, '326', 0.10973022253631906), (4, '543', 0.1087771888761547)]
00069;[(1, '703', 0.4689368946415905), (2, '193', 0.20033994199288052), (3, '907', 0.16654223533430945), (4, '363', 0.15256220471747184), (5, '321', 0.13292987751452856), (6, '17', 0.1216881404939418), (7, '1009', 0.11503960827795198), (8, '327', 0.10708692900776931), (9, '556', 0.10581766644829209), (10, '438', 0.10235402094415552)]
00070;[(1, '1009', 0.2815828836909196), (2, '804', 0.2508046536595488), (3, '1000', 0.1505230332373708), (4, '698', 0.14270330257278155), (5, '778', 0.1412014868717823), (6, '513', 0.12669153650079978), (7, '692', 0.1132565469058402), (8, '438', 0.10831949020716335), (9, '842', 0.1075588352281678), (10, '1093', 0.10379749611897644), (11, '340', 0.10364546486946336), (12, '204', 0.10312900225190913), (13, '1234', 0.10138859967580745), (14, '89', 0.10031345260385681)]
00071;[(1, '547', 0.4840648699898458), (2, '56', 0.3373802660402447), (3, '910', 0.1972479037345062), (4, '266', 0.1706884775037767), (5, '1169', 0.14405043811589063), (6, '796', 0.14353356660757854), (7, '380', 0.13296117434011834), (8, '778', 0.12779935060681807), (9, '148', 0.12766298530414058), (10, '1002', 0.12646115039499306), (11, '175', 0.11752613969232983), (12, '373', 0.11493009925444067), (13, '492', 0.10772645798631343), (14, '378', 0.1054415433117698), (15, '297', 0.10316627402018544), (16, '692', 0.10289468981790112)]
00072;[(1, '771', 0.6789261939988714), (2, '683', 0.5578210894752065), (3, '732', 0.4152999909850551), (4, '685', 0.31121537346236067), (5, '682', 0.2968559093297556), (6, '250', 0.26937045191962933), (7, '1125', 0.24554365259294553), (8, '733', 0.23120567780629891), (9, '982', 0.21420827073256432), (10, '29', 0.20598116675904157), (11, '461', 0.16217933243106178), (12, '435', 0.16164053400024195), (13, '398', 0.15602481002227261), (14, '196', 0.12808768786975577), (15, '1226', 0.1277260348285269), (16, '322', 0.12507739118510203), (17, '58', 0.12298380014951371), (18, '333', 0.10834511363037166), (19, '41', 0.10811395401349712)]
00073;[(1, '536', 0.40058880066342845), (2, '224', 0.3906791739094737), (3, '50', 0.32658472641844083), (4, '604', 0.3010331975314619), (5, '1197', 0.29560656422996795), (6, '630', 0.2574925349205395), (7, '227', 0.22345638871832996), (8, '1164', 0.20837448979410172), (9, '546', 0.17765682851561412), (10, '1169', 0.14738497745170182), (11, '820', 0.14442452315898685), (12, '1048', 0.14357733371555795), (13, '438', 0.13991885185082176), (14, '1099', 0.13250959037333657), (15, '369', 0.12818919441068138), (16, '496', 0.12565812410990265), (17, '698', 0.1232011610112129), (18, '629', 0.12145143896913198), (19, '323', 0.12049623567206105), (20, '341', 0.11076420630403229), (21, '843', 0.10973006631721795), (22, '844', 0.10046086472826093)]
00074;[(1, '914', 0.5039590500329255), (2, '1012', 0.2457798736146385), (3, '910', 0.24071770050871888), (4, '155', 0.22725775533018727), (5, '885', 0.1718250272561354), (6, '192', 0.13600062298232768), (7, '1045', 0.13316402065534222), (8, '354', 0.12987825651567142), (9, '160', 0.11888115290603235), (10, '761', 0.11489935604683009), (11, '980', 0.11440430184438091), (12, '782', 0.11401375243045965), (13, '154', 0.10328841475477775), (14, '93', 0.10308513215928418), (15, '842', 0.10146372742454705)]
00075;[(1, '241', 0.25563621056972136), (2, '1004', 0.24690019823726783), (3, '948', 0.21599078550123377), (4, '446', 0.20600007383946126), (5, '316', 0.16904448562102478), (6, '199', 0.1566617215280412), (7, '519', 0.15175513715001512), (8, '1226', 0.1482170460187445), (9, '17', 0.14742360869226565), (10, '100', 0.1413634168434919), (11, '1234', 0.13965077240636298), (12, '422', 0.1289310097603988), (13, '1151', 0.12763354533263932), (14, '333', 0.11950938999220771), (15, '787', 0.10579578282452495)]
00076;[(1, '1188', 0.41431948918922196), (2, '1007', 0.24643807786366145), (3, '358', 0.23507911449825086), (4, '1039', 0.19000702377421874), (5, '1073', 0.18843363079762862), (6, '819', 0.16540621187314727), (7, '341', 0.13962028976798413), (8, '606', 0.12479796354636005), (9, '1048', 0.10858909898630845), (10, '1110', 0.10821208614858356)]
00077;[(1, '754', 0.26572163697999845), (2, '502', 0.20230429996054147), (3, '969', 0.1681960650582892), (4, '196', 0.16328508923722193), (5, '151', 0.1525616126662506), (6, '498', 0.1434510127385034), (7, '501', 0.12802498056447195), (8, '680', 0.12771939914702546), (9, '481', 0.11744106505293124), (10, '925', 0.1012780651124739), (11, '1181', 0.10030054961892541)]
00078;[(1, '1087', 0.14250821599612784), (2, '153', 0.12178267870288109), (3, '200', 0.11934668607008568), (4, '43', 0.11907055140978345), (5, '1182', 0.10572878931318129), (6, '586', 0.10258602729485815), (7, '13', 0.10133670512210001)]
00079;[(1, '758', 0.1878429165155942), (2, '200', 0.17187975947641915), (3, '815', 0.15171307708994491), (4, '544', 0.15041073531151225), (5, '791', 0.14702602072615945), (6, '1066', 0.1427600532321603), (7, '1179', 0.1369688899324127), (8, '186', 0.13531082152788754), (9, '396', 0.13368723089563472), (10, '1101', 0.12791140854703836), (11, '945', 0.12705544839331853), (12, '282', 0.12154235185990203), (13, '616', 0.1167907415544131), (14, '993', 0.10797699842964513), (15, '238', 0.10790152663365771), (16, '460', 0.10059252091889023)]
00080;[(1, '1227', 0.14006219192292543), (2, '1111', 0.13718181234247537), (3, '541', 0.10915512646302904), (4, '1078', 0.10045293821590164)]
00081;[(1, '321', 0.29798815751180463), (2, '546', 0.24359893120714388), (3, '592', 0.2435810360508139), (4, '945', 0.14998025464819562), (5, '542', 0.1253112222278082), (6, '1029', 0.10606696179965215), (7, '193', 0.10224693659426015)]
00082;[(1, '321', 0.23080395477465074), (2, '25', 0.20987727004486842), (3, '90', 0.19701720846796195), (4, '327', 0.16077922923138843), (5, '359', 0.10270738298126543)]
00083;[(1, '18', 0.40727029165947637), (2, '1203', 0.29244291253231686), (3, '829', 0.21356713476213596), (4, '669', 0.17218270615527054), (5, '629', 0.15607456771814515), (6, '166', 0.13673731956873533), (7, '192', 0.13448621109539435), (8, '463', 0.10725124413239875), (9, '224', 0.10657053956405864), (10, '609', 0.10540088242009632)]
00084;[(1, '555', 0.35032484155377314), (2, '718', 0.2977676398707037), (3, '8', 0.27533795927174265), (4, '922', 0.2628327815861885), (5, '160', 0.22818568384175206), (6, '778', 0.22278140377263647), (7, '668', 0.20723672662768067), (8, '384', 0.20589608374232296), (9, '912', 0.20464902602725157), (10, '469', 0.1903661392204785), (11, '784', 0.18509293089516887), (12, '986', 0.18029660856769686), (13, '550', 0.16785815827383488), (14, '588', 0.16567114771891894), (15, '1112', 0.1558402611521416), (16, '282', 0.15011537983920725), (17, '479', 0.14070125472888348), (18, '1091', 0.13730052242524896), (19, '590', 0.1338887430315102), (20, '460', 0.1316760406837497), (21, '790', 0.12979669609587727), (22, '905', 0.12910859543512004), (23, '800', 0.12838776896667287), (24, '159', 0.12281023113814567), (25, '890', 0.12173551063299518), (26, '1065', 0.119099811312289), (27, '273', 0.1186379823622125), (28, '1', 0.11738101935021843), (29, '447', 0.11534625070671098), (30, '81', 0.11463598780486409), (31, '178', 0.11153696351614091), (32, '62', 0.11095218531120045), (33, '6', 0.10937154581638933), (34, '884', 0.10933355823341921), (35, '987', 0.10742373760608788), (36, '989', 0.1059119740735768), (37, '753', 0.1051082059440554), (38, '1071', 0.10382291981395406), (39, '80', 0.10328022821585466)]
00085;[(1, '549', 0.21695508575678263), (2, '111', 0.16395156348974563), (3, '62', 0.12047017995462404), (4, '1072', 0.1027542841488296), (5, '1170', 0.1026053051212329)]
00086;[(1, '8', 0.378370686772651), (2, '718', 0.3403171878961345), (3, '922', 0.3333296513822759), (4, '668', 0.30650424207663596), (5, '555', 0.30214130328501626), (6, '160', 0.2714208464565325), (7, '986', 0.25997379073581933), (8, '62', 0.22483779292398737), (9, '778', 0.19705930045433737), (10, '905', 0.18981541180195832), (11, '282', 0.1888987366945108), (12, '923', 0.18763734084837544), (13, '1112', 0.17864976589831297), (14, '903', 0.17144477793965876), (15, '550', 0.16388812048990978), (16, '384', 0.16104563744886116), (17, '912', 0.16007022693590295), (18, '1077', 0.15684452751276767), (19, '887', 0.15535368769372257), (20, '588', 0.14980942281523066), (21, '469', 0.14889858846372406), (22, '784', 0.14477404572976446), (23, '1091', 0.1417117309000934), (24, '271', 0.13527836209719776), (25, '110', 0.1349357035067177), (26, '179', 0.13387205998981483), (27, '61', 0.1299113278503931), (28, '135', 0.12680603172163885), (29, '81', 0.12535141743971417), (30, '1065', 0.1196750789950057), (31, '983', 0.11521559185013272), (32, '589', 0.11250888395138083), (33, '6', 0.11192937852526608), (34, '460', 0.11000846393306865), (35, '989', 0.10830538680865497), (36, '790', 0.1049943010907948), (37, '590', 0.104723691567253), (38, '800', 0.10381453508605328), (39, '346', 0.10174684966491533), (40, '200', 0.1006278574608478)]
00087;[(1, '860', 0.11770879550058937), (2, '903', 0.10204854736528854)]
00088;[(1, '614', 0.43217467362282996), (2, '761', 0.19742084486355352), (3, '111', 0.15954784588021934), (4, '62', 0.12096466599954334), (5, '160', 0.10301503100566524)]
00089;[(1, '469', 0.20938807856588604), (2, '778', 0.15399077212994094), (3, '912', 0.1414573254316105), (4, '282', 0.10376262497030826)]
00090;[(1, '451', 0.4551529430684978), (2, '177', 0.40403983550839717), (3, '884', 0.39962779903319723), (4, '7', 0.3825485662410744), (5, '260', 0.36503902151504625), (6, '912', 0.33190432829570954), (7, '161', 0.28951962257021213), (8, '778', 0.2562970787068475), (9, '265', 0.2454459448258937), (10, '447', 0.24193209008843994), (11, '589', 0.23386631809655448), (12, '479', 0.22719467757657769), (13, '1090', 0.21762456890464654), (14, '790', 0.200716199552555), (15, '469', 0.18352216155444137), (16, '346', 0.16860205417107174), (17, '1086', 0.16412693015407118), (18, '588', 0.15863165439649513), (19, '753', 0.15629269309933674), (20, '427', 0.15431648351812213), (21, '178', 0.15123011288735783), (22, '556', 0.14877606331345297), (23, '176', 0.14875327265152632), (24, '555', 0.14667190821996828), (25, '1171', 0.1456976297875079), (26, '282', 0.14471848356786818), (27, '987', 0.14246854354226035), (28, '802', 0.14208577345095505), (29, '80', 0.13990316391902924), (30, '890', 0.1346994408482775), (31, '554', 0.13421905740476195), (32, '706', 0.13380539246986212), (33, '1091', 0.13236434148014237), (34, '179', 0.13075116160444838), (35, '590', 0.12907522120040257), (36, '988', 0.12824021522581067), (37, '392', 0.12803197818736609), (38, '459', 0.12783138936404492), (39, '625', 0.1274106337965276), (40, '460', 0.1269420691629634), (41, '905', 0.12446692781886402), (42, '800', 0.12377201625456594), (43, '989', 0.11974633666048319), (44, '8', 0.11928349449602156), (45, '159', 0.11839500013901896), (46, '1065', 0.11481797604479699), (47, '1', 0.11316097749750668), (48, '495', 0.11211660533628566), (49, '81', 0.11051463437786663), (50, '523', 0.10956960408354814), (51, '62', 0.10696327067870692), (52, '570', 0.10693378074179338), (53, '123', 0.10637391148512709), (54, '1112', 0.10578653719572258), (55, '6', 0.10543945778890465), (56, '874', 0.10369711797373951), (57, '1042', 0.10336321124065509), (58, '1071', 0.10009031407146692)]
00091;[(1, '791', 0.31867337981988386), (2, '798', 0.2676065002755568), (3, '643', 0.23074733429244823), (4, '99', 0.20846309124567322), (5, '770', 0.20743782869181152), (6, '822', 0.19975968857194923), (7, '715', 0.19202840906774057), (8, '928', 0.18426325008723382), (9, '96', 0.182337972448087), (10, '443', 0.180220234223185), (11, '899', 0.16715059200625626), (12, '440', 0.16578654232050444), (13, '815', 0.15119324935995299), (14, '424', 0.14640475709268075), (15, '755', 0.14610094496016982), (16, '921', 0.14380604135296177), (17, '657', 0.14151225760987637), (18, '129', 0.13850748695530335), (19, '830', 0.13747770388493108), (20, '688', 0.13730467360285564), (21, '234', 0.13675423509320478), (22, '398', 0.1355930960354079), (23, '68', 0.13453326123094073), (24, '333', 0.13165277765105932), (25, '1206', 0.13036074924802651), (26, '1158', 0.11198450902370113), (27, '392', 0.10919660143234727), (28, '635', 0.10878028166300649), (29, '207', 0.10702200447964433), (30, '370', 0.10573414375289811), (31, '205', 0.10376472141343804), (32, '882', 0.10360689972035196), (33, '1033', 0.10278110291089132), (34, '984', 0.10254328847806747)]
00092;[(1, '661', 0.3991331267445399), (2, '354', 0.260391811763411), (3, '258', 0.2401361108181968), (4, '910', 0.20770787962528253), (5, '778', 0.17187966698337057), (6, '148', 0.16990765693147272), (7, '1093', 0.16144278490514372), (8, '942', 0.1385912146618095), (9, '692', 0.1378632619041668), (10, '971', 0.12617509329267082), (11, '204', 0.12553535345899905), (12, '213', 0.12077278266698116), (13, '513', 0.11673854654481207), (14, '766', 0.11592417258169203), (15, '824', 0.10018373488554165)]
00094;[(1, '435', 0.20244151930114332), (2, '705', 0.20234756247668165), (3, '1234', 0.1353567342253824), (4, '264', 0.1087493408752174), (5, '955', 0.10633795730753029)]
00095;[(1, '30', 0.3192767376455659), (2, '606', 0.24970711575946536), (3, '883', 0.17368250007096717), (4, '257', 0.11748982847539433), (5, '566', 0.10747785154476944)]
00096;[(1, '455', 0.40977353197151034), (2, '1088', 0.10048449968363603)]
00097;[(1, '757', 0.32296451233616613), (2, '539', 0.3228826962221296), (3, '751', 0.2654221416404607), (4, '140', 0.24859744969448844), (5, '1185', 0.24271700072463528), (6, '383', 0.23831494076007628), (7, '765', 0.18175439204522392), (8, '135', 0.17452393189606066), (9, '125', 0.1648539896113768), (10, '571', 0.1640681020622652), (11, '6', 0.16227320950592963), (12, '1237', 0.15878162660158923), (13, '568', 0.14852599513775774), (14, '655', 0.14213590443600663), (15, '393', 0.14113208186922935), (16, '570', 0.14055579627562245), (17, '710', 0.13502577797663196), (18, '397', 0.1336356553839242), (19, '766', 0.13295791089963804), (20, '144', 0.1308240739189374), (21, '1200', 0.1253115640498776), (22, '490', 0.12370113611093222), (23, '388', 0.12120199977317304), (24, '230', 0.11850429778060038), (25, '453', 0.1173504284818006), (26, '624', 0.11639887052862971), (27, '1201', 0.11167313664254049), (28, '562', 0.10710189813360378), (29, '1175', 0.10664599974998785), (30, '538', 0.10302430715200922), (31, '20', 0.10268222883946496)]
00098;[(1, '1118', 0.23578472112576268), (2, '180', 0.18682329742602677), (3, '1018', 0.1839219562579729), (4, '562', 0.1501520247776035), (5, '791', 0.11462576636176496), (6, '498', 0.10856269605199075), (7, '1214', 0.10682981020653025), (8, '505', 0.10641196967460778)]
00099;[(1, '268', 0.6110763830150244), (2, '449', 0.5032014859412978), (3, '324', 0.4210032799028103), (4, '566', 0.12410975899483813)]
00100;[(1, '183', 0.6357606010902419), (2, '579', 0.5122242639170135), (3, '1017', 0.19265699518036947), (4, '871', 0.11333177630243794)]
